timestamp,type,qw,qx,qy,qz,ax,ay,az,gx,gy,gz,emg_0,emg_1,emg_2,emg_3,emg_4,emg_5,emg_6,emg_7,emg_8,emg_9,emg_10,emg_11,emg_12,emg_13,emg_14,emg_15
10280,IMU,0.97,-0.08,-0.02,-0.22,-0.03,-0.10,0.88,6.25,25.06,-114.56
10281,IMU,0.97,-0.07,-0.02,-0.24,-0.04,-0.09,0.88,1.94,10.00,-112.94
10305,IMU,0.96,-0.07,-0.02,-0.26,-0.04,-0.10,0.89,4.75,-0.19,-106.56
10306,EMG,2,-1,0,-21,0,-3,-2,0,2,0,1,85,-2,3,-4,1
10330,IMU,0.96,-0.07,-0.02,-0.27,-0.01,-0.08,0.88,4.62,-1.12,-109.87
10331,IMU,0.95,-0.07,-0.02,-0.29,-0.08,-0.06,0.87,-14.38,-3.25,-97.12
10355,EMG,0,0,2,-16,14,5,1,3,1,0,3,44,-12,-2,0,-4
10356,IMU,0.95,-0.08,-0.02,-0.31,0.01,-0.08,0.88,-28.81,-14.81,-110.06
10380,IMU,0.94,-0.08,-0.02,-0.33,0.07,-0.12,0.91,-20.81,0.13,-114.94
10381,EMG,-7,0,-2,2,9,1,-5,-3,2,0,6,10,-16,-2,-8,-4
10405,IMU,0.93,-0.08,-0.02,-0.35,0.05,-0.12,0.88,-20.25,16.44,-110.94
10430,IMU,0.93,-0.08,-0.02,-0.36,0.02,-0.08,0.89,-16.12,33.44,-99.56
10431,EMG,-2,-1,2,-62,2,-3,6,2,2,87,-1,-8,-3,2,-6,-1
10432,IMU,0.92,-0.08,-0.01,-0.38,0.05,-0.14,0.87,-6.56,31.75,-103.94
10455,IMU,0.91,-0.08,-0.01,-0.40,0.02,-0.12,0.86,-4.19,27.94,-110.12
10456,EMG,-6,-2,2,-10,-7,-3,-2,1,1,58,4,-11,-13,-3,-1,-2
10480,IMU,0.91,-0.08,-0.01,-0.41,-0.03,-0.10,0.85,-5.25,19.37,-107.69
10505,IMU,0.90,-0.08,-0.01,-0.43,-0.01,-0.14,0.87,-7.06,6.00,-103.25
10506,EMG,5,-26,-6,36,-2,-5,1,-3,-1,38,-3,-15,-14,-2,-1,2
10530,IMU,0.89,-0.08,-0.01,-0.44,0.03,-0.18,0.89,0.25,-5.87,-89.31
10531,IMU,0.89,-0.08,-0.01,-0.45,0.02,-0.13,0.90,2.06,-0.94,-62.75
10555,EMG,-2,-7,3,-51,18,0,-2,-1,-2,17,-5,-10,-7,0,1,0
10556,IMU,0.88,-0.08,-0.01,-0.46,0.00,-0.13,0.89,-2.12,3.62,-42.44
10580,IMU,0.88,-0.08,-0.01,-0.47,-0.00,-0.13,0.87,-8.94,0.44,-36.38
10581,EMG,-2,-67,2,5,-11,0,-2,0,0,-84,5,2,-8,2,1,6
10605,IMU,0.88,-0.08,-0.00,-0.47,0.02,-0.11,0.88,-10.69,-3.00,-40.94
10655,IMU,0.87,-0.08,-0.00,-0.48,-0.02,-0.13,0.89,-8.50,-4.44,-52.50
10656,EMG,-1,37,2,-49,1,1,3,1,0,-15,2,-61,1,-4,3,-2
10657,IMU,0.87,-0.08,-0.00,-0.49,-0.02,-0.12,0.90,-7.94,-4.75,-56.31
10669,EMG,0,-17,5,-23,-6,-4,-2,-2,-2,9,-5,-17,-15,-1,-1,0
10669,IMU,0.86,-0.08,-0.00,-0.50,-0.01,-0.14,0.88,4.00,-3.81,-63.56
10680,IMU,0.86,-0.08,-0.01,-0.51,0.02,-0.14,0.87,15.00,5.00,-63.81
10705,IMU,0.85,-0.07,-0.00,-0.52,0.01,-0.11,0.89,16.37,17.56,-63.69
10706,EMG,2,103,5,-18,-7,-1,4,1,0,57,-3,-21,5,1,2,-2
10730,IMU,0.85,-0.07,-0.00,-0.53,0.00,-0.12,0.89,10.44,17.75,-60.44
10731,IMU,0.84,-0.07,0.00,-0.54,-0.01,-0.09,0.91,-2.44,21.25,-60.88
10755,EMG,1,108,1,75,-9,3,3,4,-4,32,-3,-14,-25,-5,-3,1
10756,IMU,0.83,-0.07,0.00,-0.55,-0.02,-0.11,0.89,-8.13,20.00,-65.31
10780,IMU,0.83,-0.07,0.01,-0.56,-0.00,-0.11,0.89,-2.12,22.62,-65.44
10781,EMG,1,-75,-6,16,-7,4,0,0,-4,-111,-1,-25,-8,1,1,-3
10805,IMU,0.82,-0.06,0.01,-0.57,0.03,-0.08,0.91,6.50,27.12,-66.44
10830,IMU,0.82,-0.06,0.01,-0.58,-0.04,-0.09,0.89,-0.37,30.87,-68.19
10831,EMG,0,-2,0,-2,-13,-2,4,5,-2,18,-6,-21,2,-4,-3,-2
10832,IMU,0.81,-0.06,0.02,-0.59,-0.04,-0.10,0.90,-10.31,21.87,-71.56
10855,IMU,0.80,-0.06,0.02,-0.60,-0.03,-0.12,0.88,-11.19,17.19,-73.94
10856,EMG,-5,-12,-7,-4,-6,1,-2,-2,1,-51,-3,37,-9,-6,0,-1
10880,IMU,0.79,-0.06,0.03,-0.61,-0.07,-0.14,0.86,-7.00,15.88,-72.12
10905,IMU,0.79,-0.06,0.03,-0.62,-0.03,-0.12,0.90,-6.75,12.31,-68.19
10906,EMG,1,-1,-2,-6,-2,2,5,3,-2,-23,-2,0,6,4,-2,-4
10930,IMU,0.78,-0.05,0.03,-0.63,0.00,-0.07,0.90,-5.44,16.56,-69.25
10931,IMU,0.77,-0.05,0.03,-0.64,-0.03,-0.11,0.88,-11.81,18.87,-71.25
10955,EMG,2,1,2,9,2,1,-3,1,-3,-5,0,-6,5,-2,3,1
10956,IMU,0.76,-0.05,0.04,-0.64,-0.06,-0.14,0.88,-15.00,15.38,-66.94
10980,IMU,0.75,-0.05,0.04,-0.65,-0.10,-0.14,0.88,-7.06,11.50,-62.25
10981,EMG,3,3,-4,22,-16,-3,-1,-1,2,-7,0,-36,-10,-5,-2,-3
11005,IMU,0.75,-0.05,0.04,-0.66,0.02,-0.18,0.92,-1.06,12.50,-43.25
11030,IMU,0.75,-0.05,0.04,-0.66,-0.05,-0.06,0.86,1.81,10.69,-36.38
11031,EMG,2,-7,1,14,5,-2,0,3,0,8,-5,-5,7,5,-4,1
11032,IMU,0.74,-0.05,0.04,-0.67,-0.05,-0.14,0.91,-4.69,0.88,-42.06
11055,IMU,0.74,-0.05,0.05,-0.67,-0.09,-0.14,0.87,-9.56,-0.62,-39.44
11056,EMG,2,-11,-8,44,-14,2,-1,1,0,17,-6,-11,-11,2,1,1
11080,IMU,0.73,-0.05,0.05,-0.68,-0.10,-0.14,0.90,-5.87,-2.94,-49.44
11105,IMU,0.72,-0.05,0.05,-0.69,-0.07,-0.16,0.89,1.69,-3.44,-62.44
11106,EMG,2,-10,4,-8,2,-2,3,1,-1,21,-1,14,-3,1,2,0
11130,IMU,0.72,-0.05,0.05,-0.70,-0.09,-0.14,0.90,13.38,2.56,-64.62
11131,IMU,0.71,-0.05,0.05,-0.70,-0.09,-0.15,0.88,5.37,4.69,-59.88
11155,EMG,2,-21,1,-19,4,0,3,-4,4,26,3,29,-9,-3,-1,4
11156,IMU,0.70,-0.05,0.05,-0.71,-0.08,-0.15,0.86,-0.75,-5.56,-55.75
11180,IMU,0.70,-0.05,0.05,-0.72,-0.04,-0.17,0.90,-4.56,-5.94,-48.38
11181,EMG,3,-32,-1,-47,12,1,-3,4,-2,12,2,6,-11,-1,-4,-4
11205,IMU,0.69,-0.05,0.05,-0.72,-0.05,-0.16,0.88,2.56,-2.62,-44.19
11230,IMU,0.68,-0.05,0.04,-0.73,-0.05,-0.13,0.86,9.25,-0.37,-44.38
11231,EMG,0,-13,3,-9,-7,0,2,-1,1,20,-1,23,4,4,0,0
11232,IMU,0.68,-0.05,0.04,-0.73,-0.02,-0.13,0.88,9.25,-6.00,-44.81
11255,IMU,0.67,-0.05,0.04,-0.74,0.01,-0.12,0.88,6.50,-5.12,-38.50
11305,EMG,-2,34,9,34,-2,0,1,-4,-8,-63,-9,-65,-3,-1,-6,-8
11306,IMU,0.67,-0.05,0.04,-0.74,0.07,-0.13,0.90,3.94,-5.12,-28.69
11307,EMG,-2,35,-7,39,9,1,6,-1,-1,-59,-1,-61,2,0,-2,3
11318,IMU,0.67,-0.05,0.04,-0.74,0.01,-0.12,0.89,2.31,1.81,-16.19
11355,IMU,0.67,-0.05,0.04,-0.74,-0.01,-0.13,0.89,1.06,-0.81,-12.31
11357,IMU,0.67,-0.05,0.04,-0.74,-0.02,-0.13,0.89,2.06,-5.06,-10.38
11358,EMG,5,14,-9,15,-4,-3,-4,-1,-1,-19,4,-31,1,0,0,0
11369,IMU,0.66,-0.05,0.04,-0.74,-0.02,-0.14,0.89,1.31,-5.25,-6.00
11380,IMU,0.66,-0.05,0.04,-0.74,-0.00,-0.14,0.87,2.06,-6.75,2.37
11381,EMG,-4,23,3,26,5,-2,-2,-8,2,-43,-2,-41,-1,-6,-1,2
11405,IMU,0.67,-0.05,0.04,-0.74,-0.01,-0.12,0.87,-0.81,-9.25,8.06
11430,IMU,0.67,-0.05,0.04,-0.74,-0.04,-0.13,0.88,-3.12,-6.06,8.81
11431,EMG,3,2,3,1,-4,0,1,-1,1,10,0,13,-1,-1,-1,-1
11432,IMU,0.67,-0.05,0.04,-0.74,-0.03,-0.12,0.89,-0.19,-2.62,6.56
11455,IMU,0.67,-0.05,0.04,-0.74,-0.01,-0.12,0.89,4.56,2.87,6.12
11480,EMG,-2,-19,3,-19,0,0,3,-2,1,-65,-3,-63,3,-1,5,2
11481,IMU,0.67,-0.05,0.04,-0.74,-0.01,-0.12,0.89,2.87,0.81,8.56
11505,IMU,0.67,-0.05,0.04,-0.74,-0.02,-0.13,0.88,1.37,-1.19,10.44
11506,EMG,-3,-31,8,-32,8,0,-1,3,-2,21,1,21,-8,1,-3,-1
11530,IMU,0.67,-0.05,0.04,-0.74,-0.02,-0.14,0.88,2.81,-4.06,15.13
11531,IMU,0.68,-0.05,0.04,-0.73,-0.02,-0.12,0.88,4.25,-8.31,17.81
11555,EMG,-2,18,0,27,-5,1,1,-2,1,-41,5,-39,8,0,-2,1
11556,IMU,0.68,-0.05,0.04,-0.73,-0.02,-0.11,0.89,1.75,-11.94,17.37
11580,IMU,0.68,-0.05,0.04,-0.73,-0.00,-0.12,0.90,2.00,-11.81,18.37
11581,EMG,2,-47,3,-38,4,1,-2,3,5,-39,-1,-37,-1,2,-3,-1
11605,IMU,0.68,-0.05,0.03,-0.73,-0.01,-0.13,0.88,4.87,-10.06,21.75
11630,IMU,0.69,-0.05,0.03,-0.72,-0.01,-0.14,0.87,6.44,-12.75,29.19
11631,EMG,3,-10,-2,-12,-13,-6,3,-1,-1,-50,-3,-51,-6,1,-1,3
11632,IMU,0.69,-0.06,0.03,-0.72,-0.01,-0.13,0.88,3.00,-18.06,37.13
11655,IMU,0.70,-0.06,0.03,-0.71,0.01,-0.12,0.89,1.44,-22.62,42.81
11680,EMG,-1,-24,-2,-22,-5,-2,0,-7,-4,8,-3,5,-16,-2,-4,-4
11681,IMU,0.70,-0.06,0.03,-0.71,0.03,-0.10,0.89,-0.37,-20.19,43.94
11705,IMU,0.71,-0.06,0.03,-0.70,0.02,-0.11,0.89,1.12,-14.31,43.44
11706,EMG,-1,-44,2,-47,-3,-2,-2,1,-2,-56,6,-56,-3,-3,-3,-7
11730,IMU,0.71,-0.06,0.02,-0.70,0.00,-0.13,0.88,2.62,-12.50,45.13
11731,IMU,0.72,-0.06,0.02,-0.69,0.00,-0.12,0.88,5.37,-15.13,46.63
11755,EMG,2,15,0,16,-1,0,1,4,0,-23,-2,-24,8,2,0,1
11756,IMU,0.73,-0.06,0.02,-0.68,0.02,-0.11,0.88,8.31,-12.50,46.69
11780,IMU,0.73,-0.06,0.02,-0.68,0.03,-0.10,0.89,8.50,-14.19,46.63
11781,EMG,-3,12,0,8,15,1,-6,0,-3,-16,-1,-14,-1,0,-2,-9
11805,IMU,0.74,-0.06,0.02,-0.67,0.04,-0.09,0.89,5.94,-14.19,46.13
11830,IMU,0.74,-0.06,0.02,-0.67,0.04,-0.10,0.89,6.50,-13.75,40.25
11831,EMG,1,10,-4,8,1,-6,-3,-3,2,-2,-1,5,8,0,3,0
11832,IMU,0.75,-0.07,0.01,-0.66,0.04,-0.11,0.89,3.31,-10.25,38.44
11855,IMU,0.75,-0.06,0.01,-0.66,0.03,-0.11,0.89,6.62,-5.81,42.69
11880,EMG,-1,-6,-3,1,-7,-3,-4,1,0,3,-4,3,-6,-1,1,-7
11881,IMU,0.76,-0.06,0.01,-0.65,0.03,-0.10,0.88,11.25,-10.75,44.75
11905,IMU,0.76,-0.06,0.01,-0.64,0.05,-0.09,0.89,7.31,-12.81,48.44
11906,EMG,1,10,3,11,-6,1,3,2,-2,10,4,13,-4,6,-1,0
11930,IMU,0.77,-0.06,0.01,-0.64,0.03,-0.10,0.89,6.06,-13.13,49.50
11931,IMU,0.77,-0.06,0.01,-0.63,0.05,-0.08,0.87,9.06,-14.94,47.81
11980,EMG,0,2,-3,4,-7,-1,-3,-3,-1,0,-1,-1,-9,-4,0,2
11982,IMU,0.78,-0.06,0.00,-0.63,0.05,-0.09,0.89,10.50,-11.81,36.88
11983,EMG,2,-28,-4,-35,-11,-7,-9,-5,-3,35,-2,36,10,6,4,2
11993,IMU,0.78,-0.06,0.00,-0.62,0.05,-0.10,0.89,11.38,-9.44,31.37
12005,IMU,0.79,-0.06,0.00,-0.62,0.06,-0.10,0.86,4.69,-6.25,34.56
12030,IMU,0.79,-0.06,-0.00,-0.61,0.04,-0.08,0.87,8.56,-11.00,36.81
12031,EMG,-4,-73,-6,-79,7,-5,-4,-3,0,82,-18,64,-14,-2,-3,-7
12032,IMU,0.79,-0.06,-0.00,-0.61,0.06,-0.09,0.88,7.06,-13.00,37.50
12055,IMU,0.80,-0.06,-0.00,-0.60,0.08,-0.08,0.89,5.81,-9.25,37.19
12080,EMG,-1,-30,-13,-41,-9,-7,-3,-7,0,41,0,29,-17,-4,-2,-4
12081,IMU,0.80,-0.06,-0.01,-0.59,0.06,-0.10,0.89,11.25,-6.19,37.50
12105,IMU,0.81,-0.06,-0.01,-0.59,0.06,-0.10,0.87,8.38,-5.75,41.25
12106,EMG,2,-44,5,-35,6,-5,-6,2,0,-41,-2,-12,1,-5,-2,-1
12130,IMU,0.81,-0.06,-0.01,-0.58,0.06,-0.06,0.89,9.38,-10.63,39.13
12131,IMU,0.81,-0.06,-0.01,-0.58,0.07,-0.06,0.89,10.50,-11.69,34.19
12155,EMG,-1,-28,4,-14,-14,0,-1,-1,1,5,1,23,2,-1,1,-4
12156,IMU,0.82,-0.06,-0.01,-0.57,0.07,-0.08,0.88,8.25,-10.94,32.31
12180,IMU,0.82,-0.06,-0.02,-0.57,0.06,-0.10,0.89,11.63,-10.50,33.31
12181,EMG,-3,-46,-8,-15,-1,-1,-2,-5,-2,-20,2,0,-7,0,2,4
12205,IMU,0.82,-0.06,-0.02,-0.56,0.08,-0.07,0.87,8.75,-7.31,35.00
12230,IMU,0.83,-0.06,-0.02,-0.56,0.09,-0.07,0.88,4.81,-5.19,37.06
12231,EMG,-2,16,-4,-57,-2,-3,-3,-1,1,7,5,-9,10,5,2,3
12232,IMU,0.83,-0.06,-0.02,-0.55,0.09,-0.08,0.89,9.31,-3.87,37.31
12255,IMU,0.83,-0.06,-0.02,-0.55,0.08,-0.06,0.88,6.06,-1.44,34.00
12280,EMG,-3,4,-8,-47,-11,-1,-4,-1,-6,13,-1,-32,-2,-3,-3,-1
12281,IMU,0.84,-0.06,-0.02,-0.54,0.09,-0.07,0.88,1.44,-1.06,31.12
12305,IMU,0.84,-0.06,-0.02,-0.54,0.09,-0.08,0.89,2.50,0.75,29.25
12306,EMG,2,-96,-3,34,1,-1,1,-1,2,-71,-3,50,2,0,-3,-7
12330,IMU,0.84,-0.06,-0.02,-0.53,0.08,-0.09,0.88,6.69,0.25,32.63
12355,IMU,0.85,-0.06,-0.02,-0.53,0.08,-0.07,0.89,7.12,-2.75,34.00
12356,EMG,-3,-5,-5,51,0,4,-1,-2,1,-36,-2,14,3,2,-3,2
12357,IMU,0.85,-0.06,-0.02,-0.52,0.09,-0.07,0.88,1.69,-0.31,32.19
12380,IMU,0.85,-0.06,-0.02,-0.52,0.08,-0.06,0.88,0.25,0.75,29.12
12381,EMG,-6,-10,0,8,-4,1,-4,-5,2,16,-1,-2,-4,3,3,2
12405,IMU,0.85,-0.06,-0.02,-0.52,0.06,-0.07,0.88,2.31,-2.81,26.62
12430,IMU,0.86,-0.06,-0.02,-0.51,0.07,-0.07,0.88,4.00,1.06,29.56
12431,EMG,0,10,-2,-4,-19,-6,-5,-4,-2,5,0,5,6,6,0,-2
12455,IMU,0.86,-0.06,-0.02,-0.51,0.09,-0.07,0.89,5.87,0.94,31.94
12456,IMU,0.86,-0.05,-0.02,-0.50,0.08,-0.07,0.88,6.94,0.56,35.38
12480,EMG,1,-2,3,-17,5,1,3,-3,-5,-8,0,-21,-11,-4,-1,-3
12481,IMU,0.87,-0.05,-0.02,-0.50,0.08,-0.07,0.89,8.88,2.31,34.88
12505,IMU,0.87,-0.05,-0.02,-0.49,0.04,-0.03,0.85,7.06,-1.62,36.81
12506,EMG,2,-2,1,22,4,2,-6,-4,-4,-4,1,-1,-6,1,-2,-2
12530,IMU,0.87,-0.05,-0.02,-0.48,0.06,-0.07,0.88,3.62,-9.25,37.63
12555,IMU,0.88,-0.05,-0.02,-0.48,0.09,-0.08,0.89,8.38,-15.13,43.81
12556,EMG,2,1,0,-34,-1,2,-1,-1,-3,2,-16,-42,-2,-3,-5,-1
12557,IMU,0.88,-0.05,-0.03,-0.47,0.09,-0.08,0.91,11.50,-13.88,46.50
12580,IMU,0.88,-0.05,-0.03,-0.46,0.09,-0.07,0.89,11.25,-10.06,45.50
12581,EMG,-3,1,-32,-7,-4,1,1,0,7,0,18,-14,-3,0,4,4
12605,IMU,0.89,-0.05,-0.03,-0.46,0.09,-0.05,0.90,14.31,-5.44,40.69
12630,IMU,0.89,-0.05,-0.03,-0.45,0.09,-0.05,0.90,20.00,0.75,38.56
12631,EMG,1,6,9,34,1,1,-2,0,-2,-1,13,25,-1,-1,0,-4
12655,IMU,0.89,-0.04,-0.03,-0.44,0.08,-0.05,0.88,23.94,-1.00,42.06
12656,IMU,0.90,-0.04,-0.03,-0.44,0.10,-0.05,0.86,19.31,-6.94,43.69
12680,EMG,-1,-1,6,-20,-6,2,-1,-2,-2,-4,-8,-9,-4,2,1,6
12681,IMU,0.90,-0.04,-0.04,-0.43,0.08,-0.01,0.90,5.75,-9.88,46.38
12705,IMU,0.90,-0.04,-0.04,-0.42,0.08,-0.03,0.88,6.75,-14.38,41.06
12706,EMG,-8,4,-13,23,2,1,-2,-1,3,1,-12,55,-1,-2,2,3
12730,IMU,0.91,-0.04,-0.04,-0.42,0.12,-0.04,0.88,7.50,-14.56,41.00
12755,IMU,0.91,-0.04,-0.04,-0.41,0.15,0.04,0.86,5.44,-9.56,38.94
12756,EMG,3,7,-7,59,-4,0,2,4,-2,2,-22,8,-8,2,2,1
12757,IMU,0.91,-0.05,-0.04,-0.40,0.05,0.00,0.88,-25.19,3.12,60.88
12780,IMU,0.92,-0.05,-0.04,-0.39,0.08,-0.12,0.90,-30.81,-5.31,62.50
12781,EMG,-5,-6,-8,0,-14,-10,-1,-2,-5,-4,-14,-47,-5,-1,-3,5
12805,IMU,0.92,-0.05,-0.04,-0.38,0.11,-0.15,0.88,-5.37,-12.13,62.69
12830,IMU,0.93,-0.05,-0.04,-0.37,0.14,-0.09,0.90,10.88,-1.31,57.19
12831,EMG,1,-3,8,-4,2,2,4,6,0,3,-1,-33,-12,-1,-4,-2
12855,IMU,0.93,-0.05,-0.04,-0.36,0.14,-0.05,0.87,7.12,-1.75,45.06
12856,IMU,0.93,-0.05,-0.04,-0.36,0.07,-0.05,0.87,11.50,17.94,37.75
12880,EMG,1,-1,21,-14,-6,-5,-3,-4,-3,-3,16,-16,-11,-5,-1,-2
12881,IMU,0.93,-0.05,-0.04,-0.35,0.11,-0.09,0.87,22.44,16.87,43.88
12905,IMU,0.94,-0.04,-0.03,-0.34,0.09,-0.05,0.86,23.94,27.81,39.88
12906,EMG,3,3,0,21,2,-4,-5,-3,-1,6,19,-18,-5,-1,-1,2
12930,IMU,0.94,-0.04,-0.03,-0.34,0.11,-0.02,0.84,22.25,25.94,38.00
12955,IMU,0.94,-0.03,-0.03,-0.33,0.09,-0.05,0.84,6.75,27.50,23.19
12956,EMG,-3,2,37,-2,-4,1,-4,0,1,-1,10,-31,-14,-2,3,1
12957,IMU,0.94,-0.03,-0.02,-0.33,0.06,-0.04,0.88,-0.94,23.31,7.44
12980,IMU,0.94,-0.03,-0.02,-0.33,0.04,-0.06,0.88,0.50,12.44,3.25
12981,EMG,0,-3,1,-17,-2,1,3,0,-6,-3,-10,-17,5,-3,-3,-1
13005,IMU,0.94,-0.03,-0.02,-0.33,0.05,-0.03,0.90,-6.56,7.87,8.19
13030,IMU,0.94,-0.03,-0.02,-0.33,0.03,-0.02,0.91,-9.25,-0.19,14.56
13031,EMG,-2,-2,-5,-30,9,3,6,1,3,1,-8,3,-3,1,0,3
13055,IMU,0.94,-0.04,-0.02,-0.33,0.02,-0.07,0.87,-10.81,-5.56,19.12
13056,IMU,0.95,-0.04,-0.02,-0.32,0.06,-0.06,0.90,-10.06,-14.75,23.19
13080,EMG,1,4,-10,6,10,3,-1,3,-1,-1,8,0,4,0,0,-2
13081,IMU,0.95,-0.04,-0.02,-0.32,0.07,-0.05,0.92,2.56,-17.12,24.31
13105,IMU,0.95,-0.04,-0.03,-0.31,0.06,-0.07,0.89,17.06,-16.50,19.62
13106,EMG,0,8,78,12,5,2,3,-1,0,-5,18,-9,-14,-4,-1,1
13130,IMU,0.95,-0.03,-0.03,-0.31,0.06,-0.07,0.90,21.56,-13.31,13.88
13155,IMU,0.95,-0.03,-0.03,-0.31,0.08,-0.06,0.90,27.00,-11.88,9.50
13156,EMG,-3,1,27,-17,1,0,2,0,-2,3,-68,-9,-3,2,-1,-3
13157,IMU,0.95,-0.02,-0.04,-0.31,0.06,-0.01,0.91,40.44,-6.31,8.81
13180,IMU,0.95,-0.02,-0.04,-0.31,0.16,0.00,0.77,41.81,-2.06,15.56
13205,EMG,0,-1,-90,-49,-2,-3,-6,2,1,-1,-128,38,-5,-2,-1,0
13206,IMU,0.95,-0.01,-0.04,-0.30,0.06,-0.05,0.86,25.87,16.00,16.87
13230,IMU,0.95,-0.01,-0.03,-0.30,0.03,-0.00,0.90,42.06,32.13,22.37
13231,EMG,-5,-8,81,-68,-14,-5,-4,1,5,-1,13,29,-10,-3,1,-1
13255,IMU,0.95,0.00,-0.03,-0.30,0.03,0.02,0.84,41.00,38.50,20.25
13256,IMU,0.96,0.01,-0.02,-0.29,0.04,0.03,0.84,21.62,54.69,21.62
13280,EMG,-5,-2,-53,98,-8,2,1,-5,-2,1,-3,14,-9,-1,-1,0
13281,IMU,0.96,0.02,-0.01,-0.29,0.02,0.04,0.91,22.44,69.75,19.50
13305,IMU,0.96,0.03,-0.00,-0.29,-0.02,0.05,0.86,26.62,71.56,8.81
13306,EMG,0,-2,10,28,13,3,2,0,0,4,65,-75,-2,4,0,3
13330,IMU,0.96,0.03,0.01,-0.28,-0.04,0.04,0.87,7.00,58.50,6.44
13355,IMU,0.96,0.03,0.02,-0.28,-0.04,0.06,0.90,-12.19,40.38,3.25
13356,EMG,1,3,15,-48,0,3,-4,0,2,3,-42,-39,-5,-3,0,3
13357,IMU,0.96,0.03,0.02,-0.28,-0.05,0.02,0.89,-23.69,18.94,2.00
13380,IMU,0.96,0.02,0.02,-0.28,-0.06,0.02,0.89,-26.62,-5.31,-0.69
13405,EMG,-4,-10,-38,-5,-5,2,-1,-2,6,-1,-58,7,-17,2,5,3
13406,IMU,0.96,0.02,0.02,-0.28,-0.07,0.04,0.92,-34.25,-26.37,-5.06
13430,IMU,0.96,0.01,0.02,-0.29,-0.04,0.02,0.90,-49.19,-36.31,-10.63
13431,EMG,0,1,79,2,5,-2,-1,-3,-4,-1,-14,-39,-8,0,1,2
13455,IMU,0.96,-0.00,0.01,-0.29,-0.04,-0.02,0.87,-45.94,-45.69,-15.81
13456,IMU,0.96,-0.01,0.00,-0.29,-0.06,-0.03,0.87,-20.56,-54.19,-20.25
13480,EMG,-7,-1,-12,-61,3,1,-2,0,-1,1,-6,-1,-2,-4,0,0
13481,IMU,0.96,-0.01,-0.01,-0.29,-0.05,-0.07,0.85,5.94,-83.94,-19.31
13505,IMU,0.95,-0.02,-0.02,-0.30,0.08,0.01,0.90,-9.31,-65.87,-10.69
13506,EMG,-2,5,-13,4,-12,-4,3,-3,2,-1,-14,3,-13,0,-3,3
13530,IMU,0.95,-0.03,-0.03,-0.30,0.11,0.09,0.89,-30.00,-56.19,-26.56
13555,IMU,0.95,-0.03,-0.03,-0.31,0.08,0.04,0.91,-26.62,-23.19,-37.13
13556,EMG,-2,1,-15,-71,-4,2,1,1,2,-1,-7,-100,-6,-2,-1,-2
13557,IMU,0.95,-0.03,-0.03,-0.32,0.10,-0.07,0.93,-26.31,-0.06,-69.19
13580,IMU,0.94,-0.04,-0.03,-0.33,0.06,-0.05,0.88,-29.31,18.50,-89.19
13605,EMG,2,-5,-1,53,3,-3,-3,-4,-1,3,5,96,10,1,3,6
13606,IMU,0.94,-0.04,-0.02,-0.35,0.15,-0.02,0.90,-25.56,40.63,-100.75
13630,IMU,0.93,-0.04,-0.01,-0.37,0.03,-0.07,0.89,-40.56,68.94,-106.06
13631,EMG,-4,-1,-32,-86,-16,1,-2,-3,0,4,4,-92,-3,-5,-1,-4
13655,IMU,0.92,-0.04,0.01,-0.39,0.01,-0.10,0.85,-49.81,74.44,-103.44
13656,IMU,0.91,-0.05,0.02,-0.40,-0.06,-0.12,0.88,-31.56,65.50,-99.00
13680,EMG,-4,-2,-2,81,-6,2,-3,-2,0,-1,-3,127,-14,-4,-6,-4
13681,IMU,0.91,-0.04,0.03,-0.42,-0.02,-0.15,0.85,-6.87,47.94,-87.62
13705,IMU,0.90,-0.04,0.03,-0.43,-0.04,-0.10,0.87,-0.69,25.00,-71.75
13706,EMG,-1,0,-3,-53,10,-1,-5,-1,1,-3,0,-22,-3,-3,-3,0
13730,IMU,0.90,-0.04,0.03,-0.44,-0.03,-0.10,0.90,-6.44,15.75,-51.63
13755,IMU,0.90,-0.04,0.03,-0.44,-0.03,-0.13,0.91,-4.25,-1.81,-41.69
13756,EMG,0,-1,-7,-40,6,-8,1,-2,3,4,3,-12,-13,-2,-6,-1
13757,IMU,0.89,-0.04,0.03,-0.45,-0.05,-0.13,0.91,19.25,-20.87,-38.44
13780,IMU,0.89,-0.04,0.02,-0.45,-0.05,-0.09,0.86,38.50,-35.19,-37.75
13805,EMG,-1,2,1,-20,-9,-4,-3,1,-1,5,0,6,-6,-3,-4,-3
13806,IMU,0.89,-0.04,0.01,-0.46,-0.04,-0.04,0.85,20.87,-40.75,-39.19
13830,IMU,0.88,-0.04,0.01,-0.47,-0.04,-0.02,0.89,0.81,-45.31,-40.50
13831,EMG,5,4,-29,-89,8,1,0,3,-4,0,-55,-67,-3,1,-5,0
13855,IMU,0.88,-0.04,0.00,-0.47,-0.02,-0.05,0.89,-1.25,-40.56,-41.44
13856,IMU,0.88,-0.05,-0.00,-0.48,0.04,-0.06,0.90,-2.62,-29.12,-42.69
13880,EMG,2,-5,25,77,-3,-1,-5,1,4,-5,18,61,-9,0,-4,-2
13881,IMU,0.87,-0.05,-0.00,-0.49,0.07,-0.02,0.90,-10.00,5.00,-49.31
13905,IMU,0.87,-0.05,0.00,-0.50,0.03,-0.04,0.87,-18.56,27.19,-61.38
13906,EMG,1,2,-2,10,13,-3,-3,1,-1,2,-17,12,13,4,-1,4
13930,IMU,0.86,-0.05,0.01,-0.51,-0.01,-0.07,0.87,-20.19,45.25,-74.44
13955,IMU,0.85,-0.04,0.02,-0.52,0.02,-0.09,0.86,-11.50,56.63,-88.31
13956,EMG,1,-2,-6,-95,-9,2,2,1,-2,-3,5,-45,18,2,0,1
13957,IMU,0.84,-0.04,0.03,-0.53,0.00,-0.10,0.87,-0.44,61.31,-95.62
13980,IMU,0.84,-0.03,0.03,-0.55,-0.01,-0.11,0.88,10.00,54.56,-87.87
14005,EMG,-4,1,-13,-39,-6,-3,-6,-3,1,2,5,-57,1,1,1,-4
14006,IMU,0.83,-0.03,0.04,-0.56,-0.06,-0.10,0.88,15.75,37.13,-83.00
14030,IMU,0.82,-0.02,0.04,-0.57,-0.07,-0.13,0.85,14.31,18.75,-72.12
14031,EMG,-1,-7,14,-16,-10,-9,-5,-2,1,4,10,-8,-18,-2,3,-4
14055,IMU,0.81,-0.02,0.03,-0.58,-0.06,-0.08,0.84,36.19,-11.06,-81.44
14056,IMU,0.80,-0.02,0.03,-0.60,-0.02,-0.06,0.84,47.63,-22.62,-87.44
14080,EMG,-1,2,4,-11,10,-2,-1,-3,3,4,-11,9,-1,6,1,1
14081,IMU,0.79,-0.02,0.02,-0.61,0.02,-0.01,0.84,20.44,-18.56,-97.44
14105,IMU,0.78,-0.02,0.02,-0.62,-0.04,-0.01,0.87,1.81,-12.56,-90.81
14106,EMG,-2,2,16,-12,-4,-3,-2,-3,0,3,3,25,5,0,-4,-2
14130,IMU,0.77,-0.02,0.02,-0.63,-0.00,-0.05,0.93,8.75,-2.69,-85.44
14155,IMU,0.77,-0.02,0.02,-0.64,0.04,-0.10,0.85,-2.69,13.13,-78.50
14156,EMG,1,2,-25,-14,-1,-2,-3,2,-1,4,-28,3,3,-4,3,-1
14157,IMU,0.76,-0.02,0.02,-0.65,-0.06,-0.11,0.88,-22.31,19.81,-73.19
14180,IMU,0.75,-0.02,0.03,-0.66,-0.09,-0.06,0.86,-29.56,15.63,-72.00
14205,EMG,0,1,30,60,-9,-8,-4,-1,3,-1,14,7,1,2,0,4
14206,IMU,0.74,-0.03,0.03,-0.67,-0.02,-0.03,0.86,-39.13,-8.06,-78.50
14230,IMU,0.73,-0.03,0.03,-0.68,0.08,-0.06,0.94,-33.81,-15.00,-77.69
14231,EMG,-1,-6,-23,-51,-14,2,-2,-8,0,-2,-17,-39,5,1,3,5
14255,IMU,0.72,-0.04,0.03,-0.69,0.02,-0.10,0.94,-12.75,-5.31,-84.06
14256,IMU,0.71,-0.04,0.03,-0.70,-0.07,-0.11,0.96,2.25,-11.63,-71.06
14280,EMG,-7,-2,51,-60,1,-2,-4,-2,-1,1,32,-10,-7,-2,-3,-2
14281,IMU,0.70,-0.04,0.03,-0.71,-0.07,-0.09,0.95,20.44,-26.69,-58.31
14305,IMU,0.70,-0.04,0.02,-0.72,-0.04,-0.08,0.91,50.88,-36.81,-54.38
14306,EMG,-5,2,8,-26,-5,-1,0,-4,-2,-1,-2,-22,-4,0,1,0
14330,IMU,0.69,-0.03,0.01,-0.72,0.04,-0.06,0.88,56.31,-23.50,-54.13
14355,IMU,0.69,-0.03,-0.00,-0.73,0.02,-0.05,0.90,46.50,-8.56,-45.81
14356,EMG,-6,-3,-12,-3,-9,-1,-5,0,-1,-2,-4,10,-5,-1,-3,2
14357,IMU,0.68,-0.02,-0.01,-0.73,0.02,0.00,0.91,38.50,-8.19,-25.94
14380,IMU,0.68,-0.02,-0.01,-0.73,-0.01,0.03,0.89,38.81,-17.00,-10.81
14405,EMG,-4,-7,0,-38,-12,-4,0,-4,1,3,-48,6,0,6,4,9
14406,IMU,0.68,-0.02,-0.02,-0.73,0.07,-0.04,0.83,27.75,-24.31,-7.69
14430,IMU,0.68,-0.02,-0.02,-0.73,0.05,-0.02,0.87,14.94,-21.31,-11.06
14431,EMG,0,-3,7,-26,1,-1,-5,0,-1,1,9,-13,3,-2,1,0
14455,IMU,0.68,-0.02,-0.03,-0.73,0.00,0.04,0.85,7.06,-16.56,-12.25
14456,IMU,0.68,-0.02,-0.03,-0.73,0.02,0.00,0.83,16.50,-24.06,1.31
14480,EMG,-7,-4,-12,-17,2,-4,-5,-9,-1,3,1,25,3,0,-2,-2
14481,IMU,0.68,-0.02,-0.04,-0.73,0.05,-0.03,0.84,16.12,-28.87,19.50
14505,IMU,0.68,-0.03,-0.04,-0.73,0.09,0.01,0.85,10.56,-39.13,20.62
14506,EMG,0,-3,-2,-16,8,-2,-3,-8,2,-3,-10,-7,-6,-6,-3,0
14530,IMU,0.68,-0.04,-0.05,-0.73,0.23,-0.03,1.14,-10.81,-49.88,13.88
14555,IMU,0.69,-0.03,-0.05,-0.72,0.06,0.12,1.01,6.62,12.94,19.50
14556,EMG,-1,-2,14,-9,-5,-2,2,0,0,-1,-10,0,-2,0,-1,1
14557,IMU,0.69,-0.03,-0.05,-0.72,0.13,-0.00,0.89,27.69,2.50,5.75
14580,IMU,0.69,-0.03,-0.05,-0.72,0.06,0.10,0.92,10.88,13.81,0.81
14605,EMG,1,-25,4,19,-9,-2,-3,-3,7,-117,-80,80,6,13,17,14
14606,IMU,0.69,-0.03,-0.05,-0.72,0.09,0.07,0.85,-0.19,1.37,-3.12
14630,IMU,0.69,-0.03,-0.05,-0.73,0.08,0.05,0.86,-8.63,-2.44,-11.25
14631,EMG,1,55,10,-17,-6,1,-1,-1,-3,48,20,-104,0,0,-1,-2
14655,IMU,0.68,-0.03,-0.05,-0.73,0.07,0.04,0.89,-5.19,4.62,-9.88
14656,IMU,0.68,-0.02,-0.05,-0.73,0.05,0.05,0.91,5.87,14.38,0.19
14680,EMG,-7,35,8,-34,-1,-1,-3,-7,2,123,6,-14,-3,-1,0,2
14681,IMU,0.69,-0.02,-0.05,-0.73,0.04,0.03,0.83,13.25,13.19,3.37
14705,IMU,0.68,-0.02,-0.05,-0.73,0.09,0.04,0.86,6.25,2.62,-2.12
14706,EMG,0,-62,3,-16,0,-6,-2,2,-1,4,-12,-6,-4,-3,3,-2
14730,IMU,0.68,-0.02,-0.05,-0.73,0.08,0.04,0.86,-1.06,6.44,-11.44
14755,IMU,0.68,-0.02,-0.04,-0.73,0.03,0.02,0.88,-4.44,14.06,-21.44
14756,EMG,4,-99,-42,6,0,0,-2,0,1,-128,-34,-66,2,0,1,1
14757,IMU,0.68,-0.02,-0.04,-0.73,0.10,0.09,0.95,-18.37,14.13,-21.62
14780,IMU,0.68,-0.01,-0.04,-0.74,0.07,0.05,0.93,7.81,27.94,-24.31
14805,EMG,-2,-21,-42,2,-13,-4,-5,-1,5,-45,-10,16,11,2,0,8
14806,IMU,0.67,-0.01,-0.04,-0.74,-0.00,0.08,0.94,9.19,18.31,-11.31
14830,IMU,0.67,-0.01,-0.04,-0.74,0.05,0.05,0.95,-1.00,10.88,-6.44
14831,EMG,-1,-18,-13,25,20,6,3,6,-4,39,-20,-60,-29,-9,-9,-9
14855,IMU,0.67,-0.01,-0.03,-0.74,0.12,0.08,0.85,-7.12,14.81,-24.50
14856,IMU,0.67,-0.00,-0.03,-0.75,-0.01,0.01,0.86,-11.13,22.44,-34.19
14880,EMG,1,26,-15,55,5,1,-2,3,0,-27,-18,-50,-8,-5,2,1
14881,IMU,0.66,-0.00,-0.03,-0.75,-0.05,0.07,0.91,-11.63,16.25,-29.12
14905,IMU,0.66,-0.00,-0.02,-0.75,-0.01,0.08,0.93,-6.25,2.37,-21.25
14930,EMG,7,8,-19,-4,3,-3,2,2,1,31,35,55,-3,-1,0,-1
14931,IMU,0.66,-0.00,-0.03,-0.75,-0.02,0.04,0.93,5.25,-4.62,-17.12
14955,IMU,0.66,0.00,-0.03,-0.75,0.04,0.05,0.90,1.44,-0.06,-11.25
14956,EMG,0,82,-45,20,2,5,4,8,1,25,-27,53,17,0,3,3
14957,IMU,0.65,-0.00,-0.03,-0.76,0.02,0.05,0.89,-4.00,-2.94,-21.75
14980,IMU,0.65,-0.00,-0.02,-0.76,-0.02,0.05,0.92,-10.44,-4.56,-28.44
15005,EMG,1,40,-25,15,0,6,6,4,-3,35,-49,43,7,1,0,-2
15006,IMU,0.65,-0.00,-0.02,-0.76,-0.02,0.01,0.94,-6.50,-6.50,-21.06
15030,IMU,0.65,0.01,-0.02,-0.76,-0.69,-0.08,0.80,12.88,16.87,17.75
15031,EMG,-1,-4,-15,-53,-15,-1,1,-1,2,55,-14,-65,-15,-6,-4,-4
15055,IMU,0.65,0.00,-0.02,-0.76,0.02,0.07,0.91,-6.37,-42.56,22.19
15056,IMU,0.65,-0.00,-0.03,-0.76,0.11,0.05,0.94,14.88,-13.81,15.63
15080,EMG,1,26,-31,-16,-5,0,-2,0,1,77,38,-78,-8,0,1,0
15081,IMU,0.65,0.00,-0.03,-0.76,0.01,0.03,0.85,19.62,-9.69,3.12
15105,IMU,0.66,0.00,-0.03,-0.75,-0.05,0.10,0.92,19.25,-5.87,21.75
15130,EMG,0,-62,15,-10,1,5,4,1,4,-36,10,-25,-11,0,3,-1
15131,IMU,0.66,0.00,-0.04,-0.75,0.02,0.03,0.94,18.00,-11.06,47.81
15155,IMU,0.67,-0.00,-0.04,-0.74,0.05,0.09,0.92,1.44,-32.81,72.31
15156,EMG,5,22,14,-20,2,2,-6,-1,4,-4,8,76,18,-2,-3,0
15157,IMU,0.68,-0.00,-0.04,-0.73,0.07,0.07,0.83,-3.25,-13.75,85.62
15180,IMU,0.69,-0.00,-0.04,-0.72,0.11,0.06,0.83,10.19,-5.37,93.12
15205,EMG,3,33,6,-12,-6,-1,6,-2,-3,-1,3,17,4,3,-2,3
15206,IMU,0.71,-0.00,-0.04,-0.71,0.12,0.03,0.88,10.00,6.56,92.75
15230,IMU,0.72,-0.00,-0.04,-0.70,0.05,0.01,0.92,-1.62,10.56,85.81
15231,EMG,-2,2,15,-94,-26,-5,-5,-4,0,-11,1,-14,-6,3,-3,-5
15255,IMU,0.73,-0.00,-0.04,-0.69,0.01,0.04,0.91,4.62,15.13,75.94
15256,IMU,0.73,-0.00,-0.04,-0.68,-0.04,0.03,0.91,11.81,-9.31,67.69
15280,EMG,1,2,-2,31,8,-2,3,2,-3,6,2,-19,-3,4,3,-2
15281,IMU,0.74,-0.00,-0.05,-0.67,0.11,0.07,0.86,15.19,-11.19,70.06
15305,IMU,0.75,-0.00,-0.05,-0.66,0.10,0.06,0.83,6.94,-1.25,63.25
15330,EMG,0,5,-3,7,2,4,4,1,2,-3,3,-26,-2,4,4,1
15331,IMU,0.76,0.00,-0.05,-0.65,0.08,0.04,0.82,10.31,10.88,59.94
15355,IMU,0.76,0.00,-0.05,-0.65,0.09,0.05,0.90,7.87,14.25,43.19
15356,EMG,2,-4,-1,-31,-8,1,-1,-1,-5,4,2,-11,-8,-2,1,0
15357,IMU,0.77,0.00,-0.05,-0.64,0.05,0.08,0.93,3.12,10.44,36.63
15380,IMU,0.77,0.01,-0.05,-0.64,0.07,0.12,0.92,-4.62,6.31,28.06
15405,EMG,4,4,6,-68,-13,-5,0,-2,0,-7,-1,9,9,5,1,1
15406,IMU,0.77,0.01,-0.04,-0.63,0.01,0.08,0.88,-1.25,6.69,26.69
15430,IMU,0.78,0.01,-0.04,-0.63,0.07,0.08,0.81,-0.19,12.13,38.75
15431,EMG,1,0,7,-61,-20,-3,-1,-4,4,3,-7,-11,-1,1,0,-6
15455,IMU,0.78,0.01,-0.04,-0.62,0.01,0.08,0.84,1.00,16.31,45.63
15456,IMU,0.79,0.01,-0.04,-0.61,0.02,0.05,0.90,8.56,9.69,58.94
15480,EMG,-5,-6,6,-35,-1,2,-1,-1,0,-3,-2,39,10,0,0,1
15481,IMU,0.79,0.01,-0.04,-0.61,0.02,0.06,0.92,1.94,7.81,58.81
15505,IMU,0.80,0.01,-0.04,-0.60,0.10,0.07,0.90,3.94,5.75,56.06
15530,EMG,2,-5,8,33,4,0,-1,-3,2,1,0,2,-1,-1,2,6
15531,IMU,0.80,0.01,-0.04,-0.59,0.05,0.06,0.89,6.44,12.00,45.94
15555,IMU,0.81,0.02,-0.04,-0.59,0.01,0.05,0.89,2.06,13.06,41.50
15556,EMG,-3,-4,4,-6,-5,-2,-1,0,-2,0,2,1,-13,-2,-2,-1
15557,IMU,0.81,0.02,-0.03,-0.58,-0.02,0.04,0.88,-3.12,10.06,42.94
15580,IMU,0.82,0.02,-0.03,-0.57,0.02,0.07,0.89,2.62,5.06,51.94
15605,EMG,-2,-1,-1,20,8,-1,-1,1,3,7,-8,61,7,3,5,7
15606,IMU,0.82,0.02,-0.03,-0.56,0.04,0.06,0.87,4.87,6.25,61.38
15630,IMU,0.83,0.02,-0.03,-0.55,0.06,0.04,0.87,3.37,10.63,67.31
15631,EMG,0,-6,-3,-17,-2,2,2,0,0,-3,5,-44,-9,-1,-3,-2
15655,IMU,0.84,0.02,-0.03,-0.54,0.03,0.04,0.89,8.94,15.81,67.25
15656,IMU,0.84,0.02,-0.03,-0.54,-0.01,0.08,0.91,9.69,9.69,62.75
15680,EMG,2,-3,4,-5,3,-5,-6,-4,0,0,-10,-6,4,-3,-4,0
15681,IMU,0.85,0.02,-0.03,-0.53,0.01,0.09,0.90,4.00,2.50,52.63
15705,IMU,0.85,0.02,-0.03,-0.52,0.05,0.06,0.87,2.87,6.69,50.94
15730,EMG,-1,2,-1,24,1,5,1,0,-1,-1,-3,9,3,2,-2,-1
15731,IMU,0.86,0.02,-0.03,-0.51,0.04,0.05,0.86,1.12,7.06,52.88
15755,IMU,0.86,0.03,-0.03,-0.50,-0.01,0.07,0.87,4.94,12.06,63.56
15756,EMG,-1,1,2,24,3,1,-3,0,2,0,4,-20,-10,0,-1,4
15757,IMU,0.87,0.03,-0.03,-0.49,-0.00,0.07,0.89,7.56,8.00,72.50
15780,IMU,0.88,0.03,-0.03,-0.48,0.02,0.08,0.88,2.94,6.62,78.87
15805,EMG,-1,7,1,-33,-7,0,4,1,1,-2,-6,-21,-3,6,9,8
15806,IMU,0.88,0.03,-0.03,-0.47,0.03,0.07,0.89,-0.13,7.44,76.06
15830,IMU,0.89,0.03,-0.03,-0.46,0.03,0.05,0.89,3.06,8.25,65.56
15831,EMG,0,3,4,7,2,4,2,9,1,2,6,-24,-10,0,-1,-4
15855,IMU,0.89,0.03,-0.03,-0.45,-0.01,0.05,0.88,2.06,8.25,57.13
15880,IMU,0.90,0.03,-0.03,-0.44,0.01,0.08,0.91,-0.94,3.00,49.06
15881,EMG,1,-2,3,1,6,-2,-3,-1,4,-3,-4,-43,-7,-4,-2,0
15882,IMU,0.90,0.03,-0.03,-0.43,0.02,0.07,0.90,0.44,3.00,47.44
15905,IMU,0.90,0.03,-0.03,-0.43,0.04,0.05,0.88,-1.25,2.62,49.63
15930,EMG,1,4,-2,22,9,0,1,3,1,3,8,-84,-28,-2,4,-6
15931,IMU,0.91,0.03,-0.02,-0.42,0.02,0.03,0.86,0.06,6.25,54.31
15955,IMU,0.91,0.03,-0.02,-0.41,-0.01,0.04,0.87,7.37,6.12,58.56
15956,EMG,2,-4,-3,-13,2,-1,-5,-1,6,-2,2,-27,-9,-1,-3,5
15980,IMU,0.92,0.03,-0.02,-0.40,-0.01,0.06,0.90,6.37,2.31,58.06
15981,IMU,0.92,0.03,-0.02,-0.39,0.01,0.09,0.92,1.81,-0.13,41.75
16005,EMG,-3,3,-7,57,8,1,-2,-4,-1,0,4,11,0,2,2,-6
16006,IMU,0.92,0.03,-0.02,-0.39,0.08,0.06,0.89,-4.56,0.81,17.06
16030,IMU,0.92,0.03,-0.02,-0.39,0.04,0.04,0.86,-8.13,-0.31,-8.69
16031,EMG,-1,-1,-2,-59,-21,1,2,2,1,3,-7,43,5,1,-3,-2
16055,IMU,0.92,0.03,-0.02,-0.39,-0.01,0.11,0.88,-1.56,3.81,-21.50
16080,IMU,0.92,0.03,-0.03,-0.40,-0.06,0.07,0.87,-0.25,-17.25,-11.31
16081,EMG,2,7,6,33,12,-3,2,1,-1,-3,-6,-31,-7,-2,-5,-4
16082,IMU,0.92,0.03,-0.03,-0.40,-0.00,0.01,0.88,-7.44,-21.75,1.44
16105,IMU,0.92,0.02,-0.03,-0.40,0.09,0.02,0.92,-4.75,-8.50,-1.44
16130,EMG,-3,-7,-3,-19,-6,0,4,0,1,5,4,1,-4,0,-2,0
16131,IMU,0.92,0.02,-0.03,-0.40,0.07,0.01,0.91,-5.31,-3.94,-8.94
16155,IMU,0.92,0.02,-0.03,-0.40,0.04,0.03,0.89,-3.25,0.94,-1.31
16156,EMG,-1,-5,1,27,-1,1,2,5,-2,-8,-11,20,5,0,-2,-3
16180,IMU,0.92,0.02,-0.03,-0.39,0.03,0.04,0.87,7.81,3.56,12.56
16181,IMU,0.92,0.02,-0.03,-0.39,0.02,0.06,0.88,6.62,1.50,12.88
16205,EMG,1,2,-3,9,4,0,-2,0,4,0,1,-14,-3,-2,1,1
16206,IMU,0.92,0.02,-0.03,-0.39,0.02,0.09,0.89,-0.13,0.88,-0.19
16230,IMU,0.92,0.02,-0.03,-0.39,0.03,0.08,0.88,-0.37,-0.31,-10.69
16231,EMG,0,-5,1,-13,4,1,-3,1,-4,-1,5,-18,-7,-6,-5,-3
16255,IMU,0.92,0.02,-0.03,-0.40,0.02,0.05,0.88,-3.69,0.13,-8.31
16256,IMU,0.92,0.02,-0.03,-0.40,0.04,0.04,0.88,-6.50,-1.81,-0.19
16280,EMG,3,7,-4,21,10,3,1,-4,-4,5,0,-20,-6,1,0,-4
16281,IMU,0.92,0.02,-0.03,-0.40,0.04,0.03,0.88,-3.12,2.06,3.25
16305,IMU,0.92,0.02,-0.03,-0.40,0.04,0.04,0.88,-1.25,1.50,-0.25
16330,EMG,4,3,-5,1,1,2,-1,1,0,5,3,9,3,-1,-7,-4
16331,IMU,0.92,0.02,-0.03,-0.40,0.04,0.08,0.88,-2.00,4.87,-5.50
16355,IMU,0.92,0.02,-0.03,-0.40,0.05,0.05,0.87,-5.94,9.13,-7.50
16356,EMG,-8,0,5,16,5,1,-1,-4,0,0,-3,50,36,-4,4,0
16380,IMU,0.92,0.02,-0.02,-0.40,0.01,-0.00,0.86,-10.56,5.37,0.75
16381,IMU,0.92,0.02,-0.02,-0.39,-0.00,0.03,0.89,-0.31,6.06,15.69
16405,EMG,1,5,3,-54,-30,-9,-6,-3,1,-1,0,9,-3,-6,-2,-2
16406,IMU,0.92,0.02,-0.02,-0.39,-0.04,0.06,0.91,6.37,7.87,22.00
16430,IMU,0.92,0.02,-0.02,-0.39,0.03,0.05,0.92,-4.62,-2.69,10.94
16431,EMG,1,1,0,-36,-12,-3,-2,0,4,-5,-2,-62,-19,-1,-2,-3
16455,IMU,0.92,0.02,-0.02,-0.39,0.02,0.03,0.90,-3.94,1.94,3.00
16480,IMU,0.92,0.02,-0.02,-0.39,0.03,0.04,0.86,3.94,-0.56,10.56
16481,EMG,1,1,-6,-30,-12,-3,-4,-3,-2,1,0,17,8,4,3,4
16482,IMU,0.92,0.02,-0.02,-0.38,-0.02,0.06,0.87,1.44,0.88,22.25
16505,IMU,0.92,0.02,-0.02,-0.38,-0.04,0.07,0.88,-1.87,2.50,30.31
16530,EMG,-4,-5,0,-23,-21,-1,-2,1,-3,-4,-1,5,8,-3,-3,-1
16531,IMU,0.93,0.02,-0.02,-0.37,0.04,0.01,0.89,2.56,2.87,56.63
16555,IMU,0.93,0.02,-0.02,-0.36,0.03,0.01,0.88,3.19,0.37,62.50
16556,EMG,1,-2,-2,-11,2,-3,-2,-4,1,3,3,2,0,-2,-1,-3
16580,IMU,0.94,0.02,-0.02,-0.35,0.02,0.03,0.92,7.50,5.44,54.63
16581,IMU,0.94,0.02,-0.02,-0.34,0.01,0.07,0.92,11.25,0.06,54.69
16605,EMG,-2,-3,-3,-6,6,-2,-2,-4,-5,-5,-4,-2,-6,4,-2,2
16606,IMU,0.94,0.03,-0.02,-0.33,-0.02,0.17,0.95,28.12,6.31,42.88
16630,IMU,0.94,0.03,-0.02,-0.33,0.02,0.03,0.93,3.25,-1.62,53.63
16631,EMG,1,1,-6,-20,-13,0,-1,-2,-1,0,-2,24,13,-1,0,-2
16655,IMU,0.95,0.03,-0.02,-0.32,0.01,0.03,0.87,-12.63,-8.06,53.69
16680,IMU,0.95,0.03,-0.02,-0.31,0.08,-0.01,0.90,22.62,-2.87,55.19
16681,EMG,-3,-4,0,10,14,-1,-1,-1,-2,-5,2,-34,-14,-3,2,-2
16682,IMU,0.95,0.03,-0.03,-0.30,0.02,0.01,0.86,13.75,-9.56,44.38
16705,IMU,0.95,0.03,-0.03,-0.29,0.04,0.03,0.91,-1.81,-2.87,33.19
16730,EMG,-2,0,1,-5,2,-3,-2,0,-6,-7,-4,-14,-4,0,4,1
16731,IMU,0.96,0.03,-0.03,-0.29,0.03,0.05,0.84,5.31,-4.87,21.56
16755,IMU,0.96,0.03,-0.03,-0.29,0.03,0.08,0.87,17.06,-3.06,16.69
16756,EMG,0,-7,-8,-21,-7,2,-1,2,-6,-2,-2,-39,-14,-4,-3,-3
16780,IMU,0.96,0.03,-0.03,-0.28,0.02,0.08,0.87,10.25,-4.50,19.94
16781,IMU,0.96,0.03,-0.03,-0.28,0.06,0.05,0.88,4.25,-3.62,26.94
16805,EMG,1,-1,-1,18,16,-2,-3,1,0,4,-2,12,-16,-2,-3,0
16806,IMU,0.96,0.03,-0.03,-0.27,0.04,0.12,0.85,5.31,-0.62,35.38
16830,IMU,0.96,0.04,-0.03,-0.27,0.05,0.11,0.89,1.75,1.06,40.00
16855,EMG,-1,8,3,2,-3,1,-3,1,0,-4,-7,28,26,-1,-2,-2
16856,IMU,0.96,0.03,-0.03,-0.26,0.04,0.07,0.88,-3.81,4.37,48.19
16880,IMU,0.97,0.03,-0.03,-0.25,0.05,0.02,0.89,-9.50,8.00,51.75
16881,EMG,0,-5,-6,12,11,-1,1,-2,-5,-2,-2,-17,-2,1,-1,0
16882,IMU,0.97,0.03,-0.03,-0.24,0.03,0.04,0.88,-1.25,8.38,56.44
16905,IMU,0.97,0.03,-0.03,-0.23,0.03,0.05,0.88,3.06,5.62,57.13
16930,EMG,0,-6,-9,-21,-14,1,-2,0,-3,-3,-3,-12,3,-5,-2,0
16931,IMU,0.97,0.03,-0.03,-0.22,0.04,0.08,0.89,-0.94,8.31,63.25
16955,IMU,0.98,0.03,-0.03,-0.21,0.05,0.07,0.90,-1.69,8.50,71.25
16956,EMG,4,3,5,-27,-16,2,5,2,0,1,-4,-8,-3,2,0,-1
16980,IMU,0.98,0.03,-0.03,-0.19,0.02,0.06,0.88,-2.31,11.75,80.12
16981,IMU,0.98,0.03,-0.02,-0.18,0.04,0.05,0.88,-7.06,12.69,87.75
17005,EMG,-4,-4,-7,17,0,0,-4,-4,-3,-4,-2,13,4,2,1,-1
17006,IMU,0.99,0.03,-0.02,-0.16,0.00,0.05,0.89,-5.81,12.69,92.44
17030,IMU,0.99,0.03,-0.02,-0.15,0.02,0.03,0.90,-6.44,8.88,95.81
17055,EMG,-2,3,2,-16,-8,-7,1,-2,-6,-4,2,10,1,5,-4,-6
17056,IMU,0.99,0.03,-0.02,-0.13,0.04,0.03,0.89,-6.56,11.88,99.69
17080,IMU,0.99,0.03,-0.02,-0.11,0.03,0.02,0.87,-4.44,13.25,103.19
17081,EMG,1,1,-5,19,4,3,-2,3,-3,-1,-5,22,23,1,-5,-4
17082,IMU,1.00,0.02,-0.01,-0.09,0.00,-0.01,0.87,-9.31,16.37,102.00
17105,IMU,1.00,0.02,-0.01,-0.08,-0.02,-0.08,0.90,-13.25,8.13,88.87
17130,EMG,0,4,2,-40,-16,-1,-2,1,-2,-6,5,-54,-17,-4,-7,1
17131,IMU,1.00,0.02,-0.01,-0.07,0.01,-0.05,0.92,5.62,-3.06,67.56
17155,IMU,1.00,0.02,-0.01,-0.06,0.05,0.03,0.89,15.38,-4.94,48.19
17156,EMG,-5,3,0,13,2,2,-2,0,-1,0,-6,15,4,3,5,2
17180,IMU,1.00,0.02,-0.01,-0.05,0.04,0.07,0.85,0.25,-0.88,31.00
17181,IMU,1.00,0.02,-0.01,-0.05,0.03,0.07,0.87,-4.81,0.00,23.94
17205,EMG,-4,-6,-6,1,-2,-1,-3,-6,1,3,2,-1,4,3,-6,5
17206,IMU,1.00,0.02,-0.01,-0.04,0.04,0.02,0.89,1.31,2.37,24.19
17230,IMU,1.00,0.02,-0.01,-0.04,0.01,0.00,0.89,0.19,5.94,28.37
17255,EMG,-1,-8,0,-46,-23,1,0,5,0,-4,-5,8,4,-2,-1,-1
17256,IMU,1.00,0.02,-0.01,-0.03,0.00,0.00,0.89,0.75,3.69,38.13
17280,IMU,1.00,0.02,-0.01,-0.03,0.03,0.00,0.89,4.62,2.94,43.00
17281,EMG,7,6,-1,0,9,2,4,0,-3,-3,-4,-16,-3,-3,0,0
17282,IMU,1.00,0.02,-0.01,-0.02,0.03,0.02,0.90,4.06,1.12,43.56
17305,IMU,1.00,0.02,-0.01,-0.01,0.02,0.02,0.91,-1.06,0.88,39.44
17330,EMG,-2,2,-2,-5,2,4,5,0,-1,-2,5,-6,-3,-1,-6,-2
17331,IMU,1.00,0.02,-0.01,-0.01,0.02,-0.00,0.89,-0.31,0.00,35.13
17355,IMU,1.00,0.02,-0.01,0.00,0.02,0.01,0.88,3.44,0.31,35.94
17356,EMG,0,-2,-11,6,-1,-4,-1,-1,1,3,-2,-4,-1,0,1,-2
17380,IMU,1.00,0.02,-0.01,0.01,0.02,0.02,0.88,3.50,2.81,39.13
17381,IMU,1.00,0.02,-0.01,0.02,0.01,0.02,0.89,4.19,2.00,48.13
17405,EMG,1,0,0,-6,-5,-2,-6,3,0,-2,1,-25,-19,-4,-3,-3
17406,IMU,1.00,0.02,-0.01,0.03,-0.00,0.02,0.89,6.06,3.87,59.88
17430,IMU,1.00,0.02,-0.01,0.04,0.01,0.01,0.89,11.25,3.25,69.75
17455,EMG,-2,3,2,-39,-19,-2,-3,-2,-3,-2,-1,-1,-6,0,-4,1
17456,IMU,1.00,0.03,-0.01,0.05,0.02,0.01,0.90,13.44,1.62,77.50
17480,IMU,1.00,0.03,-0.01,0.07,0.02,0.01,0.87,10.56,0.88,76.56
17481,EMG,4,1,-5,-7,-5,0,3,-4,-6,1,-5,-31,-13,-5,-4,-1
17482,IMU,1.00,0.03,-0.01,0.08,0.03,0.03,0.86,9.44,-2.75,71.56
17505,IMU,1.00,0.03,-0.01,0.09,0.05,0.06,0.88,7.87,-1.06,62.63
17530,EMG,6,-4,-2,-21,-15,-1,1,1,-1,0,-4,-14,-11,0,-2,-6
17531,IMU,0.99,0.03,-0.01,0.10,0.04,0.04,0.90,3.19,3.00,53.38
17555,IMU,0.99,0.03,-0.01,0.11,0.02,0.02,0.90,0.44,4.56,52.00
17556,EMG,-1,1,-2,17,5,-2,5,2,2,-2,-1,23,15,2,0,2
17580,IMU,0.99,0.03,-0.01,0.12,0.00,0.01,0.88,3.94,3.81,51.88
17581,IMU,0.99,0.03,-0.01,0.13,0.03,0.02,0.89,9.13,1.31,57.06
17605,EMG,1,3,0,-31,-13,4,-3,-3,-4,-7,1,-23,-3,1,-3,-11
17606,IMU,0.99,0.03,-0.01,0.14,0.03,0.05,0.89,5.37,0.31,56.13
17630,IMU,0.99,0.03,-0.01,0.15,0.03,0.05,0.90,-0.06,0.56,54.44
17655,EMG,-1,2,0,-17,-2,-1,1,-1,-3,-3,-3,-15,-2,1,-1,1
17656,IMU,0.99,0.03,-0.01,0.15,0.02,0.02,0.89,2.25,2.25,45.44
17680,IMU,0.99,0.03,-0.01,0.16,0.02,-0.00,0.87,4.69,0.50,40.38
17681,EMG,3,0,0,-5,-6,-3,4,0,2,3,0,8,0,2,0,2
17682,IMU,0.99,0.03,-0.01,0.17,0.01,0.02,0.88,5.12,-1.19,33.13
17705,IMU,0.98,0.03,-0.01,0.17,0.05,0.08,0.88,12.19,-5.94,28.37
17730,EMG,1,0,-10,-24,-13,-3,-5,8,0,-6,-11,-2,3,3,-3,-4
17731,IMU,0.98,0.04,-0.01,0.17,0.06,0.06,0.88,9.50,0.00,18.00
17755,IMU,0.98,0.03,-0.01,0.18,0.04,0.03,0.91,-3.75,1.69,8.13
17756,EMG,-6,-1,-9,0,7,0,1,-5,-2,-1,-13,10,5,-1,1,6
17780,IMU,0.98,0.03,-0.01,0.18,0.03,0.02,0.91,0.44,-0.31,1.19
17781,IMU,0.98,0.03,-0.01,0.18,0.03,0.03,0.89,5.87,-0.88,2.69
17805,EMG,-4,4,-1,-31,-22,-2,2,2,-3,-2,-1,-5,4,-2,-4,-4
17806,IMU,0.98,0.03,-0.01,0.18,0.03,0.05,0.87,0.31,-1.00,3.50
17830,IMU,0.98,0.03,-0.01,0.18,0.04,0.05,0.88,-1.31,1.44,-1.25
17855,EMG,-4,-5,-6,1,6,0,-6,-1,0,3,3,6,6,2,1,1
17856,IMU,0.98,0.03,-0.01,0.18,0.02,0.05,0.89,1.75,2.31,-2.81
17880,IMU,0.98,0.03,-0.01,0.18,0.02,0.03,0.88,1.19,0.06,0.31
17881,EMG,0,2,-1,-14,-12,-7,-4,1,1,-2,7,-15,-12,-2,1,-1
17882,IMU,0.98,0.03,-0.01,0.18,0.04,0.04,0.90,2.00,-1.19,2.56
17905,IMU,0.98,0.03,-0.01,0.18,0.03,0.05,0.89,0.31,0.19,0.13
17930,EMG,2,-1,-7,2,-2,-2,3,8,-3,-2,3,-16,-3,-1,0,-1
17931,IMU,0.98,0.03,-0.01,0.18,0.02,0.04,0.88,-0.19,-0.44,-0.25
17955,IMU,0.98,0.03,-0.01,0.18,0.03,0.04,0.88,0.88,0.13,-1.06
17956,EMG,8,-1,-4,-11,-9,3,6,10,-1,3,-4,-13,0,-4,1,3
17980,IMU,0.98,0.03,-0.01,0.18,0.03,0.05,0.88,-0.94,0.19,-2.75
17981,IMU,0.98,0.03,-0.01,0.18,0.03,0.04,0.89,-1.69,0.62,-2.69
18005,EMG,-1,-1,-2,-13,-2,-2,0,-4,-3,2,3,-15,-10,-4,-2,-5
18006,IMU,0.98,0.03,-0.01,0.18,0.01,0.03,0.89,0.06,-0.75,-0.44
18030,IMU,0.98,0.03,-0.01,0.18,0.03,0.04,0.90,1.00,-1.56,0.25
18055,EMG,-1,0,-5,9,5,-2,-2,1,2,-6,0,16,15,2,-3,-3
18056,IMU,0.98,0.03,-0.01,0.18,0.04,0.04,0.88,-0.06,-0.50,-1.12
18080,IMU,0.98,0.03,-0.01,0.18,0.03,0.04,0.88,0.00,1.19,-1.12
18081,EMG,-2,0,-1,-2,5,3,2,-3,-7,-1,2,24,17,2,-3,-5
18082,IMU,0.98,0.03,-0.01,0.18,0.03,0.04,0.89,1.00,1.62,-1.44
18105,IMU,0.98,0.03,-0.01,0.18,0.03,0.04,0.89,-2.44,0.75,-2.62
18130,EMG,-4,-1,-1,29,18,-1,4,-3,-3,0,6,-17,-14,3,-6,-2
18131,IMU,0.98,0.03,-0.01,0.17,0.03,0.04,0.88,-5.69,0.37,-3.69
18155,IMU,0.98,0.03,-0.01,0.17,0.02,0.04,0.87,-3.19,1.00,-3.00
18156,EMG,0,0,-6,-12,-5,0,1,0,1,4,3,-4,2,-3,-3,-4
18180,IMU,0.98,0.03,-0.01,0.17,0.02,0.03,0.88,-1.94,1.12,-0.81
18181,IMU,0.98,0.03,-0.01,0.17,0.01,0.03,0.89,-1.19,-0.37,1.19
18205,EMG,-5,-6,-5,-3,-1,0,-4,-5,0,0,2,10,5,-3,2,-2
18206,IMU,0.98,0.03,-0.01,0.17,0.02,0.03,0.89,2.19,-1.56,-0.13
18230,IMU,0.98,0.03,-0.01,0.17,0.04,0.04,0.89,0.62,-1.19,-3.06
18255,EMG,2,3,-6,-5,0,1,-2,-2,-3,-2,-3,-31,-24,0,0,0
18256,IMU,0.98,0.03,-0.01,0.17,0.02,0.04,0.89,-1.19,0.62,-2.19
18280,IMU,0.98,0.03,-0.01,0.17,0.03,0.03,0.89,0.06,-1.06,-1.06
18281,EMG,2,2,4,-13,-9,0,-2,4,0,-2,7,4,2,0,1,7
18282,IMU,0.98,0.03,-0.01,0.17,0.02,0.04,0.88,-1.12,0.94,-1.00
18305,IMU,0.98,0.03,-0.01,0.17,0.01,0.03,0.90,-2.81,-0.75,-0.94
18330,EMG,-4,-1,-1,18,9,1,-5,-1,2,2,5,-2,-1,0,4,-6
18331,IMU,0.98,0.03,-0.01,0.17,0.01,0.03,0.88,1.37,-1.56,0.75
18355,IMU,0.98,0.03,-0.01,0.17,0.04,0.04,0.88,2.87,-0.44,0.69
18356,EMG,3,1,-1,7,5,-1,0,-2,1,-1,-2,-20,-15,-3,-2,1
18380,IMU,0.98,0.03,-0.01,0.17,0.03,0.04,0.88,-0.37,-0.44,-0.62
18381,IMU,0.98,0.03,-0.01,0.17,0.01,0.04,0.89,-3.25,0.19,-1.50
18405,EMG,-3,0,0,-1,-2,-3,-8,-3,0,-2,-3,-40,-20,-4,-5,2
18406,IMU,0.98,0.03,-0.01,0.17,0.02,0.03,0.90,-0.69,-0.25,-2.25
18430,IMU,0.98,0.03,-0.01,0.17,0.02,0.03,0.89,0.69,0.37,-2.00
18455,EMG,-3,3,4,-4,-6,-1,-3,-2,-2,1,3,6,11,-1,-2,0
18456,IMU,0.98,0.03,-0.01,0.17,0.03,0.04,0.89,-0.94,0.00,-0.56
18480,IMU,0.98,0.03,-0.01,0.17,0.03,0.04,0.89,-0.13,0.00,0.19
18481,EMG,-3,-2,-6,-18,-16,1,0,-2,3,-4,5,-3,4,-2,1,-1
18482,IMU,0.98,0.03,-0.01,0.17,0.02,0.04,0.89,-1.75,0.50,-0.19
18505,IMU,0.98,0.03,-0.01,0.17,0.02,0.04,0.89,-3.19,0.31,-1.56
18530,EMG,-2,1,-2,4,-2,2,3,2,-1,-1,1,5,0,-4,0,-3
18531,IMU,0.98,0.03,-0.01,0.17,0.01,0.04,0.89,-2.00,-0.06,-0.81
18555,IMU,0.98,0.03,-0.01,0.17,0.02,0.03,0.88,-0.94,-0.50,-0.56
18556,EMG,-2,-5,-4,11,10,4,1,0,-1,-2,-1,-19,-17,-4,-1,1
18580,IMU,0.98,0.03,-0.01,0.17,0.02,0.03,0.87,-0.94,0.44,0.13
18581,IMU,0.98,0.03,-0.01,0.17,0.02,0.03,0.88,-0.56,-0.94,0.56
18605,EMG,2,-5,7,-11,0,-6,-6,-3,0,7,3,-22,-15,-3,-3,-6
18606,IMU,0.98,0.03,-0.01,0.17,0.01,0.03,0.88,0.94,-1.87,0.75
18630,IMU,0.98,0.03,-0.01,0.17,0.03,0.04,0.89,1.19,-1.25,-0.88
18655,EMG,-3,1,2,12,6,6,-3,1,3,0,2,-20,-13,-1,-2,-3
18656,IMU,0.98,0.03,-0.01,0.17,0.03,0.04,0.89,0.62,-0.50,-1.81
18680,IMU,0.98,0.03,-0.01,0.17,0.02,0.03,0.89,-0.88,-0.44,-0.81
18681,EMG,-5,2,3,-3,4,2,1,0,-1,-1,1,-11,-10,-1,-3,0
18682,IMU,0.98,0.03,-0.01,0.17,0.03,0.03,0.88,-1.25,-0.44,-0.88
18705,IMU,0.98,0.03,-0.01,0.17,0.02,0.03,0.90,-0.25,-0.81,-0.88
18730,EMG,2,-4,2,0,-7,2,-1,-1,-3,1,-5,-13,-8,-3,0,-1
18731,IMU,0.98,0.03,-0.01,0.17,0.02,0.03,0.89,0.06,-1.37,-0.25
18755,IMU,0.98,0.03,-0.01,0.17,0.02,0.03,0.88,-0.31,-0.69,-0.56
18780,EMG,-5,1,7,0,-3,-1,-6,-3,7,3,-3,-3,-15,-2,1,9
18781,IMU,0.98,0.03,-0.01,0.17,0.02,0.04,0.88,-1.25,-1.50,-0.37
18782,IMU,0.98,0.03,-0.01,0.17,0.02,0.04,0.88,-1.94,-1.62,-0.31
18805,EMG,1,-1,-4,-10,-5,1,-1,-2,0,5,2,1,-4,-2,0,-1
18806,IMU,0.98,0.03,-0.01,0.17,0.03,0.03,0.89,-0.69,-0.88,-0.81
18830,IMU,0.98,0.03,-0.01,0.17,0.02,0.03,0.90,-0.19,-1.25,-0.75
18855,EMG,-1,3,3,-11,-6,-2,-2,-3,-5,-4,0,-2,-1,-3,-1,-2
18856,IMU,0.98,0.03,-0.01,0.17,0.02,0.03,0.88,0.00,-1.56,-0.69
18880,IMU,0.98,0.03,-0.01,0.17,0.03,0.03,0.88,0.69,-0.75,-0.37
18881,EMG,-4,-6,-1,-6,-2,2,-2,1,3,-1,1,15,10,-2,-3,-2
18882,IMU,0.98,0.03,-0.01,0.17,0.03,0.04,0.89,1.44,-0.69,-0.44
18905,IMU,0.98,0.03,-0.01,0.17,0.03,0.04,0.89,-0.06,-0.94,-0.69
18930,EMG,0,3,3,-3,-2,-1,0,-1,0,2,1,-21,-16,-3,0,1
18931,IMU,0.98,0.03,-0.01,0.17,0.03,0.04,0.89,-1.19,-0.62,-1.06
18955,IMU,0.98,0.03,-0.01,0.17,0.02,0.04,0.90,-1.37,-0.44,-0.50
18980,EMG,2,3,-2,-7,-14,5,6,3,0,8,2,-22,-16,-2,0,-1
18981,IMU,0.98,0.02,-0.01,0.17,0.02,0.02,0.89,-1.19,-1.31,-0.50
18982,IMU,0.98,0.02,-0.01,0.17,0.02,0.03,0.88,0.50,-1.19,0.37
19005,EMG,-2,-4,0,3,8,-4,-1,1,0,-6,-3,-9,-1,0,-3,-1
19006,IMU,0.98,0.02,-0.01,0.17,0.03,0.04,0.88,0.50,-0.19,0.13
19030,IMU,0.99,0.02,-0.01,0.17,0.03,0.04,0.88,-2.00,-0.62,-1.31
19055,EMG,1,-1,0,-13,-5,0,-1,-3,0,0,-1,-3,1,1,0,0
19056,IMU,0.99,0.02,-0.01,0.17,0.03,0.02,0.89,-0.56,-0.44,-1.19
19080,IMU,0.99,0.02,-0.01,0.17,0.02,0.03,0.89,1.50,-0.31,0.00
19081,EMG,-2,-2,0,-17,-11,-3,-1,0,3,-2,-1,14,8,-2,-2,-3
19082,IMU,0.99,0.02,-0.01,0.17,0.03,0.04,0.89,-0.75,-0.31,-0.25
19105,IMU,0.99,0.02,-0.01,0.17,0.02,0.03,0.89,-1.00,-1.25,-0.19
19130,EMG,-3,1,4,3,2,-3,0,-5,-3,0,1,-20,-7,-1,2,-5
19131,IMU,0.99,0.02,-0.01,0.17,0.02,0.04,0.89,-0.06,-0.31,0.25
19155,IMU,0.99,0.02,-0.01,0.17,0.02,0.03,0.89,-0.50,-1.12,0.06
19180,EMG,7,2,-3,-21,-18,1,3,5,3,0,-1,8,6,-6,0,2
19181,IMU,0.99,0.02,-0.01,0.17,0.03,0.04,0.88,0.81,-0.19,0.62
19182,IMU,0.99,0.02,-0.01,0.17,0.04,0.05,0.90,-2.44,0.56,-0.25
19205,EMG,-11,1,0,-31,-16,-5,-5,-6,0,-2,0,-10,-9,1,-2,1
19206,IMU,0.99,0.02,-0.01,0.17,0.01,0.02,0.90,-2.87,0.62,-0.56
19230,IMU,0.99,0.02,-0.01,0.17,0.02,0.02,0.88,0.81,-0.56,0.00
19255,EMG,4,-1,2,-7,-10,-1,-7,-2,-4,1,2,-2,7,0,0,-7
19256,IMU,0.99,0.02,-0.01,0.17,0.03,0.04,0.88,0.88,-0.19,-0.44
19280,IMU,0.99,0.02,-0.01,0.17,0.02,0.03,0.89,-1.94,-1.19,-0.44
19281,EMG,-1,-4,5,-9,-12,0,-1,3,-3,0,0,17,14,0,-1,-10
19282,IMU,0.99,0.02,-0.01,0.17,0.02,0.03,0.89,1.12,-0.62,0.37
19305,IMU,0.99,0.02,-0.01,0.17,0.03,0.02,0.88,1.31,-1.50,-1.06
19330,EMG,-1,3,5,-8,-2,-3,2,1,-1,-7,-2,-9,-5,6,-2,-1
19331,IMU,0.99,0.02,-0.01,0.17,0.03,0.03,0.89,0.44,-1.37,-1.75
19355,IMU,0.99,0.02,-0.01,0.17,0.04,0.04,0.89,1.50,-1.12,-0.81
19380,EMG,6,-2,1,-2,-1,1,0,2,2,-2,-1,0,-4,-3,0,-4
19381,IMU,0.99,0.02,-0.01,0.17,0.03,0.03,0.89,-1.31,-0.94,-0.25
19382,IMU,0.99,0.02,-0.01,0.17,0.02,0.03,0.89,-2.44,-0.06,-0.50
19405,EMG,-5,1,0,-1,0,2,-3,-5,-7,3,11,-3,0,-1,-1,-2
19406,IMU,0.99,0.02,-0.01,0.17,0.03,0.03,0.89,-0.56,-0.37,-0.69
19430,IMU,0.99,0.02,-0.01,0.17,0.03,0.03,0.89,-0.37,0.00,0.56
19455,EMG,1,3,-4,1,9,-2,1,-2,-3,0,3,-34,-21,4,2,1
19456,IMU,0.99,0.02,-0.01,0.17,0.02,0.03,0.89,-1.81,-0.69,0.19
19480,IMU,0.99,0.02,-0.01,0.17,0.02,0.03,0.88,-2.19,-0.19,-0.56
19481,EMG,-2,-3,-4,-15,-8,2,-1,7,-8,-5,-6,3,4,1,3,1
19505,IMU,0.99,0.02,-0.01,0.17,0.02,0.02,0.88,-0.94,-0.62,-0.88
19506,IMU,0.99,0.02,-0.01,0.17,0.01,0.02,0.87,2.12,-0.50,-0.19
19530,EMG,1,-2,-1,2,7,5,-3,-3,1,1,6,-1,4,-1,-3,-2
19531,IMU,0.99,0.02,-0.01,0.17,0.03,0.03,0.89,1.87,-1.00,-0.25
19555,IMU,0.99,0.02,-0.01,0.17,0.03,0.04,0.90,-0.50,-1.69,-0.44
19580,EMG,-6,-3,0,-3,0,2,2,-1,-1,-2,1,-5,4,-1,-1,1
19581,IMU,0.99,0.02,-0.01,0.17,0.02,0.03,0.89,-0.56,-1.37,-0.50
19605,IMU,0.99,0.02,-0.01,0.17,0.02,0.03,0.88,-0.13,-0.94,-0.25
19606,EMG,1,-4,3,-17,-16,-6,-5,-11,2,-3,4,-7,-2,-3,-1,-2
19607,IMU,0.99,0.02,-0.01,0.17,0.03,0.02,0.89,-0.31,-1.25,-1.12
19630,IMU,0.99,0.02,-0.02,0.17,0.02,0.02,0.89,0.06,-2.12,-0.75
19655,EMG,0,3,3,-1,-10,2,5,3,-1,-5,-2,-4,-1,-1,1,-3
19656,IMU,0.99,0.02,-0.02,0.17,0.03,0.05,0.89,2.94,-2.81,-4.37
19680,IMU,0.99,0.02,-0.02,0.17,0.03,0.03,0.88,-1.56,-1.25,-9.56
19681,EMG,0,-2,-6,-17,-14,-1,-3,-6,-2,-1,-3,6,2,4,6,1
19705,IMU,0.99,0.02,-0.02,0.16,0.03,0.02,0.89,-1.12,-1.87,-5.94
19706,IMU,0.99,0.02,-0.02,0.16,0.02,0.01,0.88,-1.44,-1.31,-4.31
19730,EMG,-3,-2,3,0,-1,2,1,1,3,-1,1,-19,-14,0,-1,2
19731,IMU,0.99,0.02,-0.02,0.16,0.03,0.05,0.88,-5.81,-2.06,-6.37
19755,IMU,0.99,0.02,-0.02,0.16,0.02,0.04,0.90,0.94,-1.87,-10.56
19780,EMG,1,-6,5,-2,-1,-2,-2,-4,3,2,2,-13,-13,0,2,0
19781,IMU,0.99,0.02,-0.02,0.16,0.03,0.02,0.89,2.81,-2.50,-13.38
19805,IMU,0.99,0.02,-0.02,0.16,0.03,0.04,0.88,-1.94,-1.44,-10.38
19806,EMG,-1,1,2,0,1,-1,-4,-4,0,0,-2,5,11,1,5,-1
19807,IMU,0.99,0.02,-0.02,0.16,0.04,0.03,0.89,-1.25,-3.31,-7.81
19830,IMU,0.99,0.02,-0.02,0.15,0.03,0.02,0.88,-5.69,-3.75,-16.06
19855,EMG,2,-2,5,-6,-2,0,-2,-1,0,-3,-1,-8,-5,3,6,1
19856,IMU,0.99,0.02,-0.02,0.15,0.03,0.02,0.90,-5.69,-4.12,-17.31
19880,IMU,0.99,0.02,-0.02,0.15,0.04,0.04,0.88,-3.87,-4.00,-18.87
19881,EMG,1,1,-4,6,9,0,-1,-1,0,-2,0,-20,-27,-3,6,5
19905,IMU,0.99,0.02,-0.02,0.14,0.04,0.03,0.88,-5.69,-1.06,-17.87
19906,IMU,0.99,0.02,-0.02,0.14,0.02,0.02,0.89,-3.00,-1.37,-14.25
19930,EMG,0,-4,-4,-5,3,-2,2,-4,2,1,1,12,6,1,0,2
19931,IMU,0.99,0.02,-0.02,0.14,0.03,0.03,0.89,-0.81,-1.69,-13.94
19955,IMU,0.99,0.02,-0.02,0.14,0.04,0.03,0.89,-4.56,-3.31,-12.38
19980,EMG,0,-4,3,-33,-28,-5,-5,-3,-1,-3,-5,-3,0,0,6,0
19981,IMU,0.99,0.02,-0.02,0.13,0.03,0.03,0.88,-7.00,-1.31,-15.25
20005,IMU,0.99,0.02,-0.02,0.13,0.03,0.02,0.88,-2.50,-1.19,-17.81
20006,EMG,2,-2,7,15,16,-1,-2,2,3,-3,-5,-4,-5,-4,2,6
20007,IMU,0.99,0.02,-0.02,0.13,0.03,0.02,0.89,0.00,-2.12,-21.87
20030,IMU,0.99,0.02,-0.02,0.12,0.04,0.01,0.91,0.25,-2.50,-22.56
20055,EMG,-2,5,-2,0,0,-3,2,7,-4,-3,-5,-28,-18,-4,-4,-1
20056,IMU,0.99,0.02,-0.02,0.12,0.03,0.02,0.88,-3.50,-5.75,-22.56
20080,IMU,0.99,0.01,-0.02,0.11,0.05,0.03,0.88,-5.31,-4.19,-28.06
20081,EMG,3,2,3,-5,-8,3,-1,0,1,1,-3,-15,-15,-5,3,1
20105,IMU,0.99,0.01,-0.02,0.11,0.04,0.01,0.90,-0.62,-3.94,-32.00
20106,IMU,0.99,0.02,-0.02,0.10,0.04,0.03,0.90,1.87,-0.75,-35.00
20130,EMG,3,2,4,9,1,-1,1,-4,0,5,0,-34,-31,0,1,1
20131,IMU,0.99,0.02,-0.02,0.10,0.03,0.03,0.90,2.75,-1.87,-33.81
20155,IMU,1.00,0.02,-0.02,0.09,0.04,0.02,0.87,-0.50,-4.19,-31.37
20180,EMG,-4,1,-8,-9,-7,3,-5,-2,1,0,-6,-3,-5,0,0,-1
20181,IMU,1.00,0.02,-0.02,0.09,0.05,0.03,0.88,-3.81,-1.75,-30.62
20205,IMU,1.00,0.02,-0.02,0.08,0.02,0.02,0.89,-1.44,-1.62,-32.06
20206,EMG,-1,-3,2,-26,-24,-3,-6,-1,-1,-2,-7,7,12,-2,-1,1
20207,IMU,1.00,0.02,-0.02,0.07,0.02,0.01,0.89,4.00,-3.06,-32.06
20230,IMU,1.00,0.02,-0.03,0.07,0.04,0.02,0.89,6.56,-7.12,-29.06
20255,EMG,-1,-4,-1,-23,-12,-2,1,-2,-2,-3,2,-15,-9,-1,1,4
20256,IMU,1.00,0.02,-0.03,0.06,0.04,0.04,0.89,2.56,-6.75,-31.44
20280,IMU,1.00,0.02,-0.03,0.06,0.04,0.03,0.88,1.56,-6.75,-33.69
20281,EMG,3,0,6,-14,-22,3,-3,-2,1,-2,0,-21,-16,-2,-2,-3
20305,IMU,1.00,0.02,-0.03,0.05,0.04,0.02,0.87,1.44,-6.81,-37.19
20306,IMU,1.00,0.02,-0.03,0.05,0.05,0.03,0.89,3.31,-8.13,-36.38
20330,EMG,0,-2,-1,8,7,0,-3,-1,-4,0,-6,18,16,-1,-1,-2
20331,IMU,1.00,0.02,-0.03,0.04,0.06,0.06,0.90,3.19,-7.25,-35.44
20355,IMU,1.00,0.02,-0.03,0.03,0.06,0.06,0.89,0.75,-3.69,-32.19
20380,EMG,0,0,-8,-3,-6,-4,-5,-4,1,-5,0,-29,-19,1,0,1
20381,IMU,1.00,0.02,-0.03,0.03,0.05,0.06,0.87,-5.81,-3.87,-33.50
20405,IMU,1.00,0.02,-0.03,0.02,0.05,0.04,0.87,-5.81,-1.69,-32.19
20406,EMG,-2,-1,-6,-11,-8,-3,0,4,-5,-3,-3,6,0,-1,-1,-3
20407,IMU,1.00,0.02,-0.03,0.02,0.04,0.03,0.88,-2.06,-3.37,-34.94
20430,IMU,1.00,0.02,-0.03,0.01,0.05,0.03,0.88,1.06,-3.25,-36.44
20455,EMG,-1,-3,-2,4,1,6,5,4,1,-2,-2,-12,-5,0,-6,-3
20456,IMU,1.00,0.02,-0.03,0.00,0.04,0.07,0.89,-2.31,-3.75,-37.69
20480,IMU,1.00,0.02,-0.03,-0.00,0.06,0.07,0.89,-6.00,-3.94,-38.13
20481,EMG,-5,-6,7,-16,-13,0,-6,-2,-1,-1,0,8,6,1,-3,-6
20505,IMU,1.00,0.02,-0.03,-0.01,0.05,0.03,0.89,-5.50,-0.13,-36.31
20506,IMU,1.00,0.02,-0.03,-0.02,0.04,0.01,0.87,-1.00,-1.81,-30.87
20530,EMG,1,-2,-1,-29,-17,-2,-1,-2,-5,-1,3,0,8,-3,-1,-5
20531,IMU,1.00,0.02,-0.03,-0.02,0.03,0.02,0.87,4.81,-1.19,-27.31
20555,IMU,1.00,0.02,-0.03,-0.02,0.05,0.05,0.88,7.00,-4.44,-27.50
20580,EMG,-4,2,-9,13,7,1,-6,1,0,0,-5,-6,-9,-8,-2,-2
20581,IMU,1.00,0.02,-0.03,-0.03,0.05,0.06,0.90,2.12,-3.44,-33.56
20605,IMU,1.00,0.02,-0.03,-0.04,0.05,0.06,0.89,0.06,-1.87,-41.75
20606,EMG,4,-7,0,-43,-36,-3,-4,-6,1,2,-1,-1,-4,0,-2,-3
20607,IMU,1.00,0.02,-0.03,-0.05,0.04,0.05,0.88,-1.31,-3.25,-45.88
20630,IMU,1.00,0.02,-0.03,-0.05,0.04,0.04,0.87,-1.87,-1.75,-47.94
20655,EMG,-2,-1,-1,-10,0,-1,4,-2,-4,-3,-4,9,8,0,2,2
20656,IMU,1.00,0.02,-0.03,-0.06,0.04,0.05,0.87,3.12,-2.44,-48.75
20680,IMU,1.00,0.02,-0.03,-0.07,0.04,0.06,0.89,5.44,-1.81,-47.13
20705,EMG,3,1,-7,-10,-5,-1,-6,-1,0,-4,-2,-9,-12,-5,-2,-3
20706,IMU,1.00,0.03,-0.03,-0.08,0.03,0.07,0.90,0.88,-3.31,-44.44
20707,IMU,1.00,0.03,-0.03,-0.09,0.04,0.05,0.89,-1.25,-4.75,-47.00
20730,EMG,0,2,1,-8,-9,0,0,-3,-2,-3,2,7,12,2,-1,-3
20731,IMU,0.99,0.03,-0.03,-0.10,0.05,0.05,0.89,4.94,-4.31,-51.50
20755,IMU,0.99,0.03,-0.04,-0.11,0.05,0.04,0.89,4.00,-5.75,-60.00
20780,EMG,0,-1,1,1,3,3,-2,3,1,-5,3,-6,-9,-2,-4,-2
20781,IMU,0.99,0.03,-0.04,-0.12,0.04,0.06,0.88,1.00,-4.44,-64.75
20805,IMU,0.99,0.03,-0.04,-0.13,0.06,0.10,0.89,2.50,-1.25,-66.94
20830,EMG,-4,-2,-4,-33,-30,-2,-6,-4,-4,0,2,-12,-11,-3,-4,0
20831,IMU,0.99,0.03,-0.04,-0.14,0.04,0.10,0.88,-2.56,-0.94,-64.37
20832,IMU,0.99,0.03,-0.03,-0.15,0.02,0.08,0.88,-7.00,1.94,-54.63
20855,EMG,-1,-8,-3,7,20,3,3,0,4,1,3,-21,-20,-1,5,0
20856,IMU,0.99,0.03,-0.03,-0.16,0.04,0.06,0.88,-0.31,1.50,-46.94
20880,IMU,0.99,0.03,-0.03,-0.17,0.04,0.05,0.88,4.87,3.50,-42.94
20905,EMG,3,-3,-3,4,-2,3,2,-2,-4,0,-2,-7,-14,0,2,-1
20906,IMU,0.98,0.03,-0.03,-0.17,0.03,0.07,0.89,1.00,3.75,-45.94
20907,IMU,0.98,0.03,-0.03,-0.18,0.03,0.09,0.91,1.06,2.75,-53.63
20930,EMG,-3,0,-2,-11,-8,-6,-3,-6,-1,2,2,-2,-7,2,-1,-3
20931,IMU,0.98,0.03,-0.03,-0.19,0.05,0.11,0.87,3.37,5.87,-63.00
20955,IMU,0.98,0.03,-0.03,-0.21,0.01,0.09,0.85,-9.00,3.37,-76.50
20980,EMG,-2,-1,6,-10,-13,-1,-5,-1,3,4,-3,-3,-7,-3,-5,1
20981,IMU,0.97,0.03,-0.03,-0.22,0.02,0.07,0.86,-14.19,1.19,-82.19
21005,IMU,0.97,0.03,-0.03,-0.23,0.02,0.07,0.87,-9.44,1.00,-84.69
21006,EMG,1,-6,3,-21,-11,2,-3,-12,-9,0,0,-5,-6,-3,-2,-2
21007,IMU,0.97,0.03,-0.02,-0.25,-0.02,0.05,0.89,-6.94,-2.25,-81.75
21030,IMU,0.96,0.03,-0.02,-0.26,-0.01,0.05,0.88,-7.37,-2.00,-74.87
21055,IMU,0.96,0.03,-0.02,-0.27,0.00,0.08,0.88,-8.69,-3.69,-68.25
21056,EMG,-4,-4,3,12,8,-4,-4,-1,0,1,2,1,-11,-4,-4,-10
21080,IMU,0.96,0.03,-0.02,-0.28,-0.02,0.07,0.88,-9.69,-3.62,-63.13
21105,IMU,0.96,0.03,-0.02,-0.29,-0.03,0.06,0.89,-5.81,-2.50,-56.00
21106,EMG,2,1,-1,2,2,-8,-1,-2,6,7,4,-2,-4,2,2,4
21107,IMU,0.95,0.02,-0.02,-0.30,0.01,0.06,0.88,-3.19,-5.31,-54.69
21130,IMU,0.95,0.02,-0.02,-0.31,0.00,0.07,0.90,-8.56,-5.37,-54.69
21131,EMG,3,-1,-2,1,-2,1,8,12,-4,4,-2,3,11,2,3,-1
21155,IMU,0.95,0.02,-0.02,-0.32,-0.04,0.08,0.90,-10.31,-6.75,-53.00
21180,IMU,0.94,0.02,-0.02,-0.33,-0.00,0.04,0.89,-6.00,-9.31,-50.44
21181,EMG,1,1,-3,-14,-14,-6,-9,-7,-1,3,-1,-3,-2,5,4,-1
21205,IMU,0.94,0.02,-0.02,-0.34,0.01,0.03,0.90,-4.06,-7.62,-48.69
21206,EMG,1,2,-3,-1,-4,0,1,0,1,3,0,-4,-3,0,1,1
21207,IMU,0.94,0.02,-0.02,-0.34,-0.00,0.04,0.90,-3.87,-7.69,-50.69
21230,IMU,0.93,0.02,-0.03,-0.35,0.00,0.05,0.89,-2.75,-9.25,-55.06
21255,IMU,0.93,0.02,-0.03,-0.36,-0.00,0.06,0.88,-0.94,-8.94,-54.94
21256,EMG,3,0,-1,-12,-17,-2,2,2,-1,-1,5,-32,-30,-7,-8,-5
21280,IMU,0.93,0.02,-0.03,-0.37,-0.00,0.07,0.89,-4.94,-7.94,-47.63
21305,IMU,0.93,0.02,-0.03,-0.38,0.00,0.06,0.88,-6.81,-8.94,-35.81
21306,EMG,-3,-2,2,5,0,0,0,-2,2,0,-6,-19,-5,3,0,-3
21307,IMU,0.92,0.02,-0.03,-0.38,0.00,0.03,0.88,-3.44,-8.13,-25.62
21330,IMU,0.92,0.02,-0.03,-0.38,0.01,0.03,0.87,-1.19,-5.69,-21.25
21331,EMG,0,2,-2,-3,5,6,4,3,-1,-1,-4,3,-6,-4,0,-5
21355,IMU,0.92,0.02,-0.03,-0.39,0.02,0.05,0.89,1.69,-2.94,-17.44
21380,IMU,0.92,0.02,-0.03,-0.39,0.02,0.05,0.90,-0.81,-7.12,-15.81
21381,EMG,0,-1,1,-4,-7,-6,-6,-3,4,5,-2,-7,-14,-2,3,4
21406,IMU,0.92,0.01,-0.03,-0.39,0.01,0.05,0.90,-3.25,-4.50,-11.69
21407,EMG,-5,-2,-2,-2,-1,0,9,1,1,3,3,-11,-15,-3,3,0
21408,IMU,0.92,0.01,-0.03,-0.39,0.02,0.06,0.88,0.37,-5.94,-8.06
21430,IMU,0.92,0.02,-0.03,-0.39,0.01,0.04,0.88,4.19,-3.87,-8.19
21455,IMU,0.92,0.02,-0.03,-0.40,0.02,0.06,0.88,3.25,-1.87,-9.13
21456,EMG,-1,0,4,-7,-1,-1,-4,3,-2,-3,-3,-24,-11,4,-1,0
21480,IMU,0.92,0.02,-0.03,-0.40,0.03,0.07,0.89,-1.37,-4.25,-9.06
21505,IMU,0.92,0.02,-0.03,-0.40,-0.01,0.08,0.90,-4.31,-4.81,-6.06
21506,EMG,8,1,-6,-5,-7,4,-4,2,-3,0,5,-35,-22,1,1,-1
21507,IMU,0.92,0.01,-0.03,-0.40,0.03,0.05,0.88,-1.00,-3.25,-1.87
21530,IMU,0.92,0.02,-0.03,-0.40,0.04,0.04,0.88,1.25,0.94,-0.94
21531,EMG,-6,-7,2,-16,-16,-1,3,1,1,0,-2,1,-5,3,-2,0
21555,IMU,0.92,0.02,-0.03,-0.40,0.03,0.05,0.89,0.88,-0.56,-0.31
21580,IMU,0.92,0.01,-0.03,-0.40,0.01,0.06,0.89,-2.56,-2.12,1.94
21581,EMG,-5,0,-1,17,8,-3,-2,0,-1,2,-2,-9,-4,-2,-2,2
21605,IMU,0.92,0.01,-0.03,-0.40,0.02,0.06,0.90,-4.31,-1.75,3.25
21606,EMG,0,1,-2,-2,4,5,5,6,3,-1,-4,-1,-2,-2,-1,-4
21607,IMU,0.92,0.01,-0.03,-0.40,0.02,0.05,0.89,-2.62,-2.31,5.44
21630,IMU,0.92,0.01,-0.03,-0.40,0.02,0.05,0.88,-2.50,-1.44,5.69
21655,IMU,0.92,0.01,-0.03,-0.39,0.03,0.06,0.88,-3.00,-3.50,5.69
21656,EMG,6,0,-4,-7,-6,0,2,4,0,-1,6,-11,-7,-1,-2,1
21680,IMU,0.92,0.01,-0.03,-0.39,0.02,0.06,0.90,-5.75,-7.25,7.06
21705,IMU,0.92,0.01,-0.03,-0.39,0.03,0.06,0.90,-11.25,-6.69,8.94
21706,EMG,1,-1,-4,-10,-12,-2,2,-2,0,-3,0,-4,2,-3,-1,-1
21707,IMU,0.92,0.01,-0.03,-0.39,0.06,0.02,0.89,-7.50,10.38,11.81
21755,IMU,0.92,0.01,-0.03,-0.39,0.02,0.01,0.88,7.31,6.00,4.94
21756,EMG,-3,-1,0,-4,-9,1,-1,1,-3,-3,0,8,2,0,3,0
21757,IMU,0.92,0.01,-0.03,-0.39,-0.01,0.02,0.90,5.56,5.87,-2.75
21780,IMU,0.92,0.01,-0.03,-0.39,0.01,0.04,0.91,-5.12,-8.13,-10.69
21781,EMG,1,6,6,6,0,-3,-1,-4,-3,0,5,-9,-10,0,-4,-5
21805,IMU,0.92,0.01,-0.03,-0.39,0.03,0.05,0.88,0.31,-4.94,-6.94
21806,EMG,2,3,7,-25,-25,-3,0,3,-1,1,-2,-20,-8,-2,-2,-5
21807,IMU,0.92,0.01,-0.03,-0.39,0.04,0.04,0.86,-0.81,-1.37,1.37
21830,IMU,0.92,0.01,-0.03,-0.39,0.03,0.05,0.89,-1.37,2.50,7.50
21855,IMU,0.92,0.01,-0.03,-0.39,0.02,0.03,0.90,-0.19,1.31,6.25
21856,EMG,-2,0,-2,-15,-3,0,-1,1,0,0,6,-8,-10,0,2,-3
21880,IMU,0.92,0.01,-0.03,-0.39,0.03,0.02,0.90,-1.25,0.31,1.06
21905,IMU,0.92,0.01,-0.03,-0.39,0.02,0.04,0.89,1.62,-1.50,-4.25
21906,EMG,4,0,-8,-10,-12,0,4,-2,-1,1,-4,-15,-11,-3,-4,-1
21907,IMU,0.92,0.01,-0.03,-0.39,0.02,0.05,0.89,5.69,-1.19,-6.81
21930,IMU,0.92,0.01,-0.03,-0.39,0.03,0.05,0.88,1.69,-1.87,-4.12
21931,EMG,1,0,-1,-3,-6,-1,0,1,0,4,0,6,2,3,4,5
21955,IMU,0.92,0.01,-0.03,-0.39,0.03,0.06,0.87,-2.44,-0.94,1.75
21980,IMU,0.92,0.01,-0.03,-0.39,0.03,0.05,0.89,-0.44,1.19,4.87
21981,EMG,0,-2,0,-4,-4,-3,-1,1,2,-2,-7,-4,-3,5,5,4
22005,IMU,0.92,0.01,-0.03,-0.39,0.02,0.04,0.90,0.44,0.81,3.94
22006,EMG,-3,1,-3,-13,-10,-2,0,1,-3,-4,-1,-3,0,2,1,6
22007,IMU,0.92,0.01,-0.03,-0.39,0.02,0.03,0.90,-2.69,-0.88,0.06
22030,IMU,0.92,0.01,-0.03,-0.39,0.02,0.04,0.88,-1.81,-2.69,-2.62
22055,IMU,0.92,0.01,-0.03,-0.39,0.03,0.04,0.87,1.87,-1.37,-2.81
22056,EMG,-1,1,-6,-15,-9,-8,2,-1,2,-3,3,-4,-6,-2,-2,-3
22080,IMU,0.92,0.01,-0.03,-0.39,0.03,0.04,0.86,8.00,3.81,-1.19
22105,IMU,0.92,0.02,-0.03,-0.39,0.02,0.04,0.88,12.56,2.12,-1.25
22106,EMG,-1,-5,-4,-5,-8,-6,0,1,4,-5,-5,-13,-11,-2,-3,-1
22107,IMU,0.92,0.02,-0.03,-0.39,0.04,0.03,0.89,11.00,3.69,-2.12
22130,IMU,0.92,0.02,-0.03,-0.39,0.03,0.04,0.89,10.63,3.31,-1.12
22131,EMG,1,4,-7,0,5,5,10,7,1,2,-7,-3,1,-4,-7,1
22155,IMU,0.92,0.02,-0.03,-0.39,0.02,0.06,0.88,10.88,4.87,-0.44
22180,IMU,0.92,0.02,-0.03,-0.39,0.01,0.07,0.89,7.87,1.94,-1.81
22181,EMG,-2,-2,-1,1,0,2,-4,-3,-1,-4,-4,-21,-13,1,-3,-6
22205,IMU,0.92,0.02,-0.03,-0.39,0.01,0.07,0.90,6.50,1.25,-1.12
22206,IMU,0.92,0.03,-0.03,-0.39,0.01,0.07,0.88,7.00,1.06,-1.00
22230,EMG,0,3,-5,6,3,-1,0,-2,-2,3,2,-2,-5,2,-3,2
22231,IMU,0.92,0.03,-0.03,-0.40,0.03,0.06,0.84,-8.38,12.88,-13.88
22255,IMU,0.92,0.03,-0.02,-0.40,0.00,0.06,0.92,-3.06,11.25,-22.06
22256,EMG,1,-1,-5,17,17,-1,-5,-1,-4,-1,1,-23,-23,-8,0,2
22280,IMU,0.92,0.03,-0.02,-0.40,-0.01,0.07,0.90,13.75,8.19,-14.19
22305,IMU,0.91,0.03,-0.02,-0.40,0.02,0.12,0.92,6.31,7.75,-12.00
22306,EMG,0,6,1,10,12,-1,-3,-1,9,-4,5,22,12,3,-5,-5
22330,IMU,0.91,0.03,-0.02,-0.41,-0.00,0.09,0.88,-2.75,10.19,-14.06
22331,EMG,10,-2,-9,21,21,5,14,6,-3,5,4,8,3,0,-1,-2
22332,IMU,0.91,0.03,-0.02,-0.41,0.01,0.07,0.84,-4.00,5.44,-20.62
22355,IMU,0.91,0.03,-0.02,-0.42,-0.03,0.07,0.81,4.69,10.06,-43.00
22380,IMU,0.91,0.03,-0.02,-0.42,-0.01,0.07,0.87,0.94,-3.06,-46.00
22381,EMG,0,-3,-2,-3,-11,-2,-3,-4,3,3,-1,6,-1,0,-3,2
22405,IMU,0.90,0.03,-0.02,-0.43,-0.00,0.08,0.94,-3.75,0.00,-51.88
22430,IMU,0.90,0.03,-0.02,-0.44,0.00,0.08,0.91,-11.13,0.62,-53.00
22431,EMG,-1,4,2,1,5,-2,0,1,1,1,-5,-21,-25,-7,-3,-1
22432,IMU,0.89,0.03,-0.01,-0.45,-0.02,0.06,0.88,-14.38,3.31,-52.56
22455,IMU,0.89,0.03,-0.01,-0.46,-0.02,0.05,0.86,-7.25,0.88,-53.00
22456,EMG,1,-1,-1,8,-3,3,0,-6,-3,5,0,3,-3,-1,-1,4
22480,IMU,0.89,0.03,-0.01,-0.46,-0.01,0.05,0.87,-4.37,3.25,-55.81
22505,IMU,0.88,0.03,-0.01,-0.47,-0.02,0.05,0.89,0.75,4.19,-59.69
22506,EMG,0,-3,-5,-2,-4,1,6,3,1,0,-1,-16,-13,1,2,1
22530,IMU,0.87,0.03,-0.01,-0.48,0.01,0.03,0.92,9.69,5.69,-68.12
22531,EMG,-1,0,-9,8,6,6,3,7,-1,-1,-1,7,1,-2,-3,-1
22532,IMU,0.87,0.03,-0.01,-0.50,-0.04,0.03,0.87,6.12,8.75,-80.25
22555,IMU,0.86,0.03,-0.01,-0.51,-0.09,0.09,0.87,-1.37,3.69,-85.50
22580,IMU,0.85,0.04,-0.01,-0.52,-0.09,0.07,0.87,6.75,-7.62,-79.00
22581,EMG,-4,-1,-5,-6,-14,-4,-3,-3,1,0,1,-4,-5,0,-2,0
22605,IMU,0.85,0.03,-0.01,-0.53,-0.03,0.06,0.89,4.69,-11.25,-75.62
22630,IMU,0.84,0.03,-0.01,-0.54,-0.03,0.08,0.93,1.44,-8.88,-77.19
22631,EMG,0,4,-3,-1,-4,-6,-3,-2,-2,-3,-2,-6,-6,-5,2,0
22632,IMU,0.83,0.03,-0.01,-0.56,-0.04,0.09,0.90,2.31,-8.75,-81.87
22655,IMU,0.82,0.03,-0.01,-0.57,-0.02,0.06,0.86,-6.81,-6.25,-89.69
22656,EMG,-4,-1,1,1,8,0,-3,1,2,4,4,0,-2,4,-2,1
22680,IMU,0.81,0.03,-0.01,-0.58,-0.05,0.06,0.88,-6.62,-4.69,-96.06
22705,IMU,0.80,0.03,-0.01,-0.60,-0.08,0.08,0.89,7.12,-9.81,-99.62
22706,EMG,-2,3,2,-27,-20,-1,1,-5,-1,0,-2,-26,-19,-1,-6,-3
22730,IMU,0.79,0.03,-0.01,-0.61,-0.04,0.09,0.90,11.38,-13.13,-101.19
22731,EMG,0,1,1,8,-1,0,1,3,0,-3,0,9,10,-1,-2,-1
22732,IMU,0.78,0.03,-0.01,-0.62,-0.03,0.07,0.88,1.25,-12.44,-101.62
22755,IMU,0.77,0.03,-0.02,-0.64,-0.05,0.06,0.90,-1.56,-10.81,-101.69
22780,IMU,0.76,0.03,-0.02,-0.65,-0.05,0.08,0.83,17.06,-7.00,-91.69
22781,EMG,-5,-5,-4,-11,-15,-8,-7,-7,0,2,-3,-10,-5,-4,4,4
22805,IMU,0.75,0.03,-0.02,-0.66,-0.05,0.07,0.85,3.00,-18.69,-96.81
22830,IMU,0.74,0.03,-0.02,-0.68,-0.03,0.08,0.90,-3.81,-23.12,-94.75
22831,EMG,-2,0,-1,-12,-5,-2,-2,3,3,-1,4,-2,-2,2,-3,2
22832,IMU,0.72,0.03,-0.02,-0.69,-0.02,0.02,0.91,-1.00,-22.25,-97.25
22855,IMU,0.71,0.03,-0.02,-0.70,-0.03,0.07,0.89,-0.94,-18.31,-99.37
22856,EMG,-2,1,0,13,10,5,1,0,6,5,3,8,1,5,2,0
22880,IMU,0.70,0.03,-0.03,-0.71,-0.03,0.11,0.85,1.87,-14.69,-102.37
22905,IMU,0.69,0.02,-0.03,-0.73,-0.02,0.09,0.87,-5.81,-16.62,-98.62
22906,EMG,0,-7,0,2,0,0,0,-1,-3,-1,-2,-12,-3,1,-1,0
22930,IMU,0.68,0.02,-0.03,-0.74,-0.03,0.06,0.87,-8.69,-6.75,-94.94
22931,EMG,3,-1,-1,-20,-13,-5,-1,-3,-2,1,-4,6,5,1,-3,3
22932,IMU,0.66,0.02,-0.03,-0.75,-0.03,0.05,0.92,-5.87,-19.12,-84.44
22955,IMU,0.65,0.02,-0.03,-0.76,-0.04,0.08,0.89,-1.50,-3.25,-81.94
22980,IMU,0.64,0.02,-0.03,-0.76,-0.02,0.07,0.90,-10.75,-11.13,-74.69
22981,EMG,-1,3,2,4,-4,-5,-2,2,4,2,1,-6,-3,-2,-4,0
23005,IMU,0.63,0.02,-0.03,-0.77,-0.03,0.03,0.87,-7.75,-2.44,-74.50
23030,IMU,0.62,0.02,-0.03,-0.78,-0.02,0.05,0.86,3.94,-3.19,-77.37
23031,EMG,-3,-2,-3,-7,2,-2,-1,-1,-1,-3,-3,16,7,3,-5,-5
23032,IMU,0.61,0.02,-0.03,-0.79,-0.03,0.08,0.86,1.75,-2.87,-86.19
23055,IMU,0.60,0.02,-0.03,-0.80,-0.02,0.11,0.87,-14.63,-12.81,-93.62
23056,EMG,-2,-2,2,-10,-17,0,2,3,1,5,1,-7,-3,3,-1,-3
23080,IMU,0.58,0.01,-0.02,-0.81,-0.04,0.07,0.94,-14.19,-8.00,-102.00
23105,IMU,0.57,0.01,-0.02,-0.82,-0.05,0.05,0.92,-6.25,-6.87,-101.12
23106,EMG,-2,4,0,-2,-1,3,-4,0,7,1,2,-4,-7,-1,3,4
23130,IMU,0.56,0.01,-0.02,-0.83,-0.04,0.06,0.87,-5.50,-9.19,-94.81
23131,EMG,0,1,-1,7,1,0,1,-2,0,3,-2,-4,4,0,-2,3
23132,IMU,0.54,0.01,-0.02,-0.84,-0.02,0.06,0.84,-8.00,-10.13,-89.44
23155,IMU,0.53,0.01,-0.02,-0.85,-0.03,0.06,0.86,-9.00,-5.44,-84.19
23180,IMU,0.52,0.01,-0.02,-0.85,-0.05,0.01,0.89,-5.25,-6.81,-77.50
23181,EMG,-4,-2,1,-11,-11,-2,0,-4,-1,-2,-1,1,2,1,4,-1
23205,IMU,0.51,0.01,-0.02,-0.86,-0.06,0.02,0.89,-1.19,-10.44,-72.25
23230,IMU,0.50,0.01,-0.02,-0.87,-0.01,0.06,0.89,5.56,-14.50,-71.25
23231,EMG,1,1,3,0,-1,2,3,4,3,1,-2,5,3,1,-1,1
23232,IMU,0.49,0.01,-0.02,-0.87,-0.01,0.09,0.88,4.31,-9.81,-76.12
23255,IMU,0.47,0.01,-0.02,-0.88,-0.02,0.07,0.89,-6.37,-7.50,-77.69
23256,EMG,0,1,-2,-1,-5,2,-1,3,-2,-1,0,-17,-15,0,3,-6
23280,IMU,0.46,0.00,-0.02,-0.89,-0.02,0.02,0.89,-9.06,-5.87,-68.50
23305,IMU,0.45,0.00,-0.02,-0.89,-0.03,0.02,0.87,-7.62,-6.50,-53.44
23306,EMG,0,-4,-4,-10,-2,-3,-2,-3,-3,3,-2,-10,-13,-4,1,-6
23330,IMU,0.45,0.00,-0.02,-0.89,-0.03,0.01,0.89,-5.50,-3.75,-30.94
23331,EMG,0,-5,-1,7,8,4,6,5,3,-5,-4,-14,-11,-3,0,-3
23332,IMU,0.45,0.00,-0.02,-0.89,-0.03,0.02,0.88,3.87,-4.87,-5.06
23355,IMU,0.45,0.00,-0.02,-0.89,-0.00,0.04,0.91,2.62,-3.19,12.13
23380,IMU,0.45,0.00,-0.02,-0.89,0.00,0.08,0.91,0.69,-1.87,-1.25
23381,EMG,-1,-2,-1,-11,-3,-5,-2,-5,0,-1,-4,-4,-2,1,-1,-1
23405,IMU,0.45,0.00,-0.02,-0.89,-0.02,0.03,0.88,-0.13,1.50,-18.50
23430,IMU,0.45,0.00,-0.02,-0.89,-0.04,0.01,0.88,-4.56,0.13,-12.19
23431,EMG,3,1,2,-4,-3,-1,2,-4,-2,-1,3,2,1,2,3,2
23432,IMU,0.44,0.00,-0.02,-0.90,-0.01,0.05,0.89,-1.87,-1.94,-11.00
23455,IMU,0.44,0.00,-0.02,-0.90,-0.02,0.04,0.89,-0.69,0.62,-13.13
23456,EMG,2,3,5,-2,-7,-3,2,-1,-1,-5,0,-20,-13,-9,-5,-1
23480,IMU,0.44,0.00,-0.02,-0.90,-0.02,0.03,0.89,-2.87,-2.69,-17.56
23505,IMU,0.44,0.00,-0.02,-0.90,-0.01,0.07,0.89,0.37,1.00,-17.81
23506,EMG,-1,-2,0,12,6,3,3,2,2,0,-6,-2,-3,-1,-2,0
23530,IMU,0.43,0.00,-0.02,-0.90,-0.01,0.05,0.87,-6.12,-0.13,-24.75
23531,EMG,4,0,-5,20,14,8,7,7,3,-2,2,-3,-1,-2,3,-1
23532,IMU,0.43,0.00,-0.02,-0.90,-0.04,0.03,0.89,-7.25,1.37,-34.25
23555,IMU,0.42,0.01,-0.02,-0.91,-0.04,0.02,0.88,0.56,-1.62,-40.56
23580,IMU,0.41,0.00,-0.02,-0.91,-0.02,0.04,0.88,0.50,-5.37,-47.31
23581,EMG,0,-1,3,-11,-14,-4,-2,-2,-3,-7,-3,-8,-14,-2,-7,-8
23605,IMU,0.41,0.00,-0.02,-0.91,-0.02,0.04,0.89,-3.37,-3.44,-46.69
23630,IMU,0.40,0.00,-0.02,-0.92,-0.02,0.02,0.89,-3.62,-3.44,-46.38
23631,EMG,-1,-2,-5,5,1,-4,0,-1,2,4,4,3,-6,-1,-7,-3
23632,IMU,0.39,0.00,-0.02,-0.92,-0.03,0.02,0.88,-3.81,-3.56,-45.31
23655,IMU,0.38,0.00,-0.02,-0.92,0.00,-0.02,0.96,-8.25,-15.00,-43.50
23656,EMG,-2,-1,-6,-11,-11,-4,-2,2,2,-1,-3,-2,-2,-3,-8,-7
23680,IMU,0.38,0.00,-0.02,-0.93,-0.02,0.01,0.91,3.87,3.94,-43.19
23705,IMU,0.37,0.00,-0.02,-0.93,-0.00,0.04,0.89,1.37,-5.12,-38.25
23706,EMG,1,1,-4,-13,-4,0,-2,-4,-4,-6,4,-16,-13,-4,-5,-2
23730,IMU,0.36,0.00,-0.02,-0.93,-0.04,0.03,0.93,-5.44,-9.19,-40.06
23731,EMG,2,-2,3,0,0,1,1,4,0,1,-6,5,5,1,1,-1
23732,IMU,0.36,-0.00,-0.02,-0.93,-0.01,0.04,0.90,-1.00,-7.50,-40.25
23755,IMU,0.35,-0.00,-0.02,-0.94,-0.01,0.08,0.89,1.25,-4.62,-47.63
23780,IMU,0.34,-0.00,-0.02,-0.94,0.00,0.05,0.90,-3.00,-4.87,-56.69
23781,EMG,-3,-2,-4,-4,-8,1,-3,0,-4,-2,-5,-10,-1,3,-4,-1
23805,IMU,0.33,-0.00,-0.02,-0.94,0.01,0.05,0.90,-4.31,-2.37,-63.06
23830,IMU,0.32,-0.00,-0.02,-0.95,-0.01,0.03,0.88,-3.44,-2.12,-74.25
23831,EMG,-2,-3,0,12,14,2,2,-3,-1,-2,-3,-4,-2,1,-2,0
23832,IMU,0.30,-0.00,-0.02,-0.95,-0.02,0.05,0.90,-7.69,-2.50,-85.19
23855,IMU,0.29,-0.00,-0.02,-0.96,-0.01,0.08,0.89,-6.87,1.81,-94.44
23856,EMG,-2,-4,-4,2,0,3,0,4,1,-1,-8,0,0,2,-1,-5
23880,IMU,0.27,-0.00,-0.01,-0.96,-0.02,0.06,0.88,-9.81,0.37,-97.44
23905,IMU,0.26,-0.00,-0.01,-0.97,-0.05,0.01,0.90,-17.06,-0.37,-92.87
23906,EMG,-1,-4,-2,-4,-5,-6,-1,-2,-2,-2,1,-6,-7,-1,-3,-4
23930,IMU,0.24,-0.00,-0.01,-0.97,-0.06,0.04,0.88,-22.19,-11.44,-91.37
23931,EMG,1,1,-2,-4,-7,1,0,-3,2,3,-5,-1,-5,-4,-4,-1
23932,IMU,0.23,-0.00,-0.01,-0.97,-0.03,0.08,0.84,-6.75,-3.69,-83.81
23955,IMU,0.21,-0.01,-0.01,-0.98,-0.06,0.01,0.90,-13.06,-29.62,-92.94
23980,IMU,0.20,-0.01,-0.01,-0.98,0.05,0.07,0.86,-2.06,7.19,-78.56
23981,EMG,-4,2,2,-17,-17,-3,-8,-2,-3,0,-3,2,3,-4,2,-1
24005,IMU,0.18,-0.01,-0.01,-0.98,0.01,0.05,0.88,0.31,-2.25,-79.56
24030,IMU,0.17,-0.01,-0.00,-0.99,-0.04,-0.02,0.94,-14.19,2.31,-77.56
24031,EMG,0,2,-1,-1,-8,-2,4,2,-5,-1,4,-3,-5,-4,-9,-6
24032,IMU,0.16,-0.01,-0.00,-0.99,-0.04,0.00,0.92,-15.25,0.81,-76.94
24055,IMU,0.14,-0.01,-0.00,-0.99,-0.06,0.02,0.92,-6.87,-2.94,-79.19
24056,EMG,-3,-2,1,3,1,2,-2,-1,-1,-5,-2,-13,-6,1,0,-2
24080,IMU,0.13,-0.01,0.00,-0.99,-0.04,-0.02,0.86,-4.87,-3.00,-64.56
24105,IMU,0.12,-0.00,0.00,-0.99,-0.03,0.00,0.83,-2.25,4.44,-59.19
24106,EMG,2,3,1,-4,4,-6,-1,0,0,-2,-1,1,-3,-3,1,0
24130,IMU,0.11,-0.01,0.00,-0.99,-0.01,0.02,0.91,-6.19,-5.31,-57.56
24131,EMG,-6,-1,0,-7,-5,-2,-3,-2,-1,-2,-2,-12,-6,3,-3,2
24132,IMU,0.10,-0.00,0.00,-0.99,-0.04,-0.02,0.98,-1.56,-0.13,-50.19
24155,IMU,0.10,-0.00,0.00,-1.00,-0.01,-0.02,0.88,6.19,-2.37,-48.69
24180,IMU,0.09,-0.00,0.00,-1.00,-0.05,-0.01,0.89,2.12,-0.37,-42.00
24181,EMG,1,0,1,0,6,1,0,-1,-4,-4,-1,-7,-4,-2,-2,-3
24205,IMU,0.08,-0.01,0.00,-1.00,-0.03,-0.03,0.90,-0.56,-17.56,-42.69
24230,IMU,0.07,-0.01,0.00,-1.00,-0.00,0.01,0.92,-3.94,-4.44,-34.19
24231,EMG,-3,-1,-4,-1,0,2,-3,2,-3,0,-5,-2,-1,-6,-2,-3
24232,IMU,0.07,-0.01,-0.00,-1.00,-0.02,-0.01,0.89,7.75,-11.25,-32.06
24255,IMU,0.07,-0.01,-0.00,-1.00,-0.01,0.02,0.88,4.62,-4.31,-22.69
24256,EMG,-3,-4,0,6,4,1,-1,-4,-4,-4,-2,-2,-2,-4,0,-3
24280,IMU,0.06,-0.01,-0.00,-1.00,-0.02,0.02,0.89,-1.56,-5.44,-13.69
24305,IMU,0.06,-0.01,-0.00,-1.00,0.00,0.01,0.88,0.69,-1.19,-5.06
24306,EMG,-2,0,4,7,4,-3,4,7,2,-2,-4,-8,-6,3,-1,-1
24330,IMU,0.06,-0.01,-0.00,-1.00,-0.02,0.00,0.88,4.06,1.00,1.69
24331,IMU,0.06,-0.01,-0.00,-1.00,-0.02,-0.01,0.92,-3.62,-1.00,2.00
24355,EMG,2,1,-8,11,3,-4,-2,-2,-1,-2,-3,-10,-9,-4,2,-1
24356,IMU,0.06,-0.01,0.00,-1.00,-0.03,-0.02,0.94,-10.69,-7.19,-6.87
24380,IMU,0.06,-0.01,0.00,-1.00,-0.01,0.00,0.90,-4.56,-10.63,-10.69
24381,EMG,-1,-2,-2,-11,-4,2,2,-3,-1,-4,-4,3,-1,7,0,-1
24405,IMU,0.06,-0.01,0.00,-1.00,-0.01,-0.00,0.87,2.37,-9.06,-16.31
24430,IMU,0.05,-0.01,0.00,-1.00,-0.06,0.00,0.88,-2.00,-16.31,-22.37
24431,EMG,3,4,-2,-3,-1,1,-1,1,-1,3,0,1,-2,2,-7,-6
24432,IMU,0.05,-0.02,0.00,-1.00,0.05,0.03,0.88,-11.69,-17.56,-16.87
24455,IMU,0.05,-0.02,0.00,-1.00,0.02,0.02,0.86,2.44,-3.94,-14.75
24456,EMG,-1,0,-4,-7,-5,-2,-1,0,-2,4,-1,-17,-16,0,-4,-5
24480,IMU,0.05,-0.02,-0.00,-1.00,-0.00,-0.04,0.87,11.94,-4.12,-6.19
24505,IMU,0.05,-0.02,0.00,-1.00,0.02,-0.02,0.89,-1.56,-0.56,8.50
24506,EMG,-2,0,-7,-13,-7,0,0,5,-1,-7,-2,7,2,-1,1,2
24530,IMU,0.05,-0.02,-0.00,-1.00,0.02,0.01,0.92,3.44,-1.12,9.63
24531,IMU,0.05,-0.02,-0.00,-1.00,-0.01,0.02,0.90,13.31,0.25,2.37
24555,EMG,-1,-5,-6,7,-1,-2,0,-2,-2,5,0,-13,-15,-4,-5,-2
24556,IMU,0.05,-0.02,-0.00,-1.00,0.03,0.01,0.93,7.94,-3.37,-6.37
24580,IMU,0.05,-0.02,-0.01,-1.00,0.02,-0.00,0.94,15.75,6.37,-15.88
24581,EMG,0,-2,-1,-7,-5,-1,-3,0,3,8,12,3,-1,-3,-5,4
24605,IMU,0.04,-0.02,-0.01,-1.00,0.00,0.01,0.82,1.00,-0.75,-8.06
24630,IMU,0.05,-0.01,-0.01,-1.00,-0.00,0.04,0.80,-10.94,8.31,12.56
24631,EMG,1,3,-1,7,6,0,-4,0,-5,-5,2,14,11,-2,-3,-2
24632,IMU,0.05,-0.02,-0.01,-1.00,-0.01,0.04,0.84,5.69,-4.56,14.69
24655,IMU,0.05,-0.01,-0.01,-1.00,0.01,0.01,0.90,-0.56,0.88,-1.94
24656,EMG,-1,-1,2,1,2,-3,1,-2,-2,-1,4,0,5,-2,-3,-6
24680,IMU,0.05,-0.02,-0.00,-1.00,-0.01,0.02,0.98,-14.94,-4.44,-14.88
24705,IMU,0.04,-0.02,-0.00,-1.00,0.02,0.03,0.97,-2.00,-4.12,-7.56
24706,EMG,-1,-4,-1,-6,-6,-1,-5,0,-1,3,3,-1,-3,-3,1,-5
24730,IMU,0.05,-0.02,-0.00,-1.00,-0.00,0.01,0.88,-4.50,-2.69,7.31
24731,IMU,0.05,-0.02,-0.00,-1.00,0.03,0.00,0.83,-17.50,-1.94,12.13
24755,EMG,5,0,-4,7,8,2,-5,-5,-5,3,4,1,4,2,-4,1
24756,IMU,0.05,-0.02,0.00,-1.00,0.01,0.01,0.80,-6.87,3.37,4.31
24780,IMU,0.05,-0.02,0.00,-1.00,0.02,-0.02,0.84,-0.19,-0.75,-7.81
24781,EMG,-2,3,2,-12,-19,0,-2,-2,-2,-1,3,11,7,-3,-1,-4
24805,IMU,0.05,-0.01,0.00,-1.00,-0.00,-0.01,0.91,-12.06,4.50,-9.81
24830,IMU,0.05,-0.01,0.00,-1.00,0.00,-0.01,0.96,-8.44,1.12,-0.19
24831,EMG,-2,2,-4,1,4,-1,4,2,6,5,0,2,-9,-1,-9,-2
24832,IMU,0.05,-0.01,0.00,-1.00,-0.01,-0.03,0.95,0.31,3.06,8.25
24855,IMU,0.05,-0.01,0.01,-1.00,-0.00,-0.03,0.88,-6.94,-2.56,6.25
24856,EMG,3,-2,-3,-1,-2,-6,-8,0,-2,-3,2,-20,-17,-4,-3,-5
24880,IMU,0.05,-0.01,0.01,-1.00,0.01,-0.01,0.84,-6.69,-1.94,-2.37
24905,IMU,0.05,-0.01,0.01,-1.00,-0.01,-0.03,0.83,4.31,-3.50,-7.87
24906,EMG,2,-5,-4,7,9,0,1,1,1,1,0,0,2,-1,-3,-2
24930,IMU,0.05,-0.01,0.01,-1.00,0.01,-0.04,0.86,2.31,-3.81,-3.50
24931,IMU,0.05,-0.01,0.01,-1.00,0.01,-0.02,0.93,-0.69,-2.00,4.19
24955,EMG,-3,-1,-5,-8,-4,0,0,-1,0,-3,3,-10,-3,2,-2,-4
24956,IMU,0.05,-0.01,0.01,-1.00,0.03,-0.02,0.96,7.06,-1.50,5.69
24980,IMU,0.05,-0.01,0.00,-1.00,0.02,-0.02,0.92,6.37,2.25,0.06
24981,EMG,1,1,2,3,5,-1,-2,2,0,2,-1,-10,-5,-2,-2,-4
25005,IMU,0.05,-0.01,0.00,-1.00,0.01,-0.01,0.88,0.69,0.56,-5.56
25030,IMU,0.05,-0.01,0.00,-1.00,-0.00,-0.00,0.84,6.81,3.06,-4.56
25031,EMG,-3,-8,-2,-13,-12,-3,1,0,-4,-5,-9,2,3,-2,-4,-1
25032,IMU,0.05,-0.01,0.00,-1.00,-0.01,-0.01,0.83,8.75,0.25,1.19
25055,IMU,0.05,-0.01,0.00,-1.00,-0.00,0.01,0.88,3.44,0.00,4.56
25056,EMG,2,-2,-5,1,1,2,-2,-2,-5,2,4,-2,-5,0,0,-3
25080,IMU,0.05,-0.01,-0.00,-1.00,0.00,0.02,0.92,6.19,-3.12,1.62
25105,IMU,0.05,-0.01,-0.00,-1.00,0.01,0.00,0.94,6.94,-3.25,-3.81
25106,EMG,4,8,1,-5,-7,-1,-3,-7,-4,1,-2,10,10,4,6,1
25130,IMU,0.05,-0.01,-0.00,-1.00,0.01,0.01,0.91,0.50,-3.69,-4.56
25131,IMU,0.05,-0.01,-0.00,-1.00,0.01,0.02,0.87,0.94,-3.31,0.25
25155,EMG,-3,-1,-1,0,-1,-1,1,2,1,-3,-7,3,0,4,2,-2
25156,IMU,0.05,-0.01,-0.00,-1.00,0.01,0.02,0.84,2.56,-1.00,4.37
25180,IMU,0.05,-0.01,-0.00,-1.00,0.02,0.02,0.85,-2.12,0.31,2.62
25181,EMG,-2,-1,-5,-4,-3,0,5,-2,-1,-1,-5,-3,1,2,1,4
25205,IMU,0.05,-0.01,-0.00,-1.00,0.01,0.02,0.90,-2.37,2.62,-2.50
25230,IMU,0.05,-0.01,-0.00,-1.00,0.00,0.01,0.92,-1.06,1.81,-4.62
25231,EMG,-4,-2,-5,-6,-2,3,0,3,1,2,6,-2,-3,4,-4,-6
25232,IMU,0.05,-0.01,-0.00,-1.00,0.00,0.01,0.93,-5.50,2.50,-1.19
25255,IMU,0.05,-0.01,-0.00,-1.00,-0.00,0.01,0.90,-6.37,0.37,3.44
25256,EMG,-4,0,2,-9,-7,0,1,0,1,-1,0,2,2,-2,-1,0
25280,IMU,0.05,-0.01,0.00,-1.00,0.00,0.00,0.86,-3.94,-0.44,3.62
25305,IMU,0.05,-0.01,0.00,-1.00,-0.00,-0.00,0.84,-6.12,-2.12,-0.50
25306,EMG,2,0,-5,9,2,-4,4,-1,-1,-2,2,-7,-4,-2,-3,-1
25330,IMU,0.05,-0.01,0.00,-1.00,0.01,-0.01,0.86,-6.12,-2.31,-3.62
25331,IMU,0.05,-0.01,0.00,-1.00,0.01,-0.01,0.90,-3.06,-2.12,-2.19
25355,EMG,1,1,-1,-3,-1,-2,2,0,-2,-3,0,-27,-18,-4,-6,-2
25356,IMU,0.05,-0.01,0.00,-1.00,0.01,-0.02,0.93,-4.06,-1.44,1.75
25380,IMU,0.05,-0.01,0.00,-1.00,0.01,-0.02,0.92,-4.62,0.19,3.12
25381,EMG,4,1,-5,-8,-5,-2,2,0,-5,2,-8,4,4,-2,2,0
25405,IMU,0.05,-0.01,0.01,-1.00,0.02,-0.02,0.90,-1.75,0.94,0.56
25431,IMU,0.05,-0.01,0.01,-1.00,0.00,-0.02,0.86,-1.44,1.87,-2.69
25432,EMG,1,-5,-7,-2,8,2,-2,-3,0,-1,2,7,4,-4,-3,-2
25433,IMU,0.05,-0.01,0.01,-1.00,0.00,-0.02,0.85,-1.69,1.12,-2.75
25455,IMU,0.05,-0.01,0.01,-1.00,-0.00,-0.02,0.88,2.37,1.06,0.31
25456,EMG,-1,0,-1,12,11,0,-2,1,-1,-2,1,-3,1,0,0,-3
25480,IMU,0.05,-0.01,0.01,-1.00,0.00,-0.01,0.90,3.31,-0.75,2.31
25505,IMU,0.05,-0.01,0.00,-1.00,0.00,-0.01,0.92,1.56,-1.69,0.94
25506,EMG,-3,-7,0,10,6,0,7,6,-2,-6,-3,4,5,2,4,6
25530,IMU,0.05,-0.01,0.00,-1.00,0.00,-0.01,0.92,3.69,-2.69,-1.75
25531,IMU,0.05,-0.01,0.00,-1.00,0.01,-0.01,0.89,4.37,-2.50,-2.44
25555,EMG,0,-1,-5,8,2,-3,-1,-2,0,-3,-1,4,2,-1,4,0
25556,IMU,0.05,-0.01,0.00,-1.00,0.01,-0.01,0.86,2.69,-1.87,-0.31
25580,IMU,0.05,-0.01,0.00,-1.00,0.01,-0.00,0.86,4.19,-1.06,1.75
25581,EMG,0,-1,-3,-4,-5,-2,-1,-1,3,-2,2,-9,0,-3,-3,4
25605,IMU,0.05,-0.01,0.00,-1.00,0.01,0.00,0.88,5.00,0.13,1.00
25630,IMU,0.05,-0.01,0.00,-1.00,-0.07,-0.00,0.88,-9.50,-16.31,9.88
25631,EMG,-1,-5,-4,8,5,2,1,0,-4,-1,-3,3,0,-4,0,-2
25655,IMU,0.06,-0.01,-0.00,-1.00,0.12,0.04,0.90,15.81,19.19,50.25
25656,EMG,4,2,1,2,-2,4,-2,3,-1,-4,-3,-7,-5,3,-2,-1
25657,IMU,0.07,-0.01,-0.01,-1.00,0.01,0.01,0.87,36.50,19.37,77.12
25680,IMU,0.10,-0.00,-0.00,-0.99,-0.05,0.21,0.90,-16.94,26.87,175.50
25705,IMU,0.15,0.00,0.00,-0.99,0.01,0.05,0.81,-33.94,27.12,265.31
25706,EMG,-1,1,3,-16,-16,-5,-1,2,-4,-2,0,-1,-2,-6,-8,-5
25730,IMU,0.21,0.01,0.02,-0.98,-0.21,-0.21,0.98,-64.19,39.63,345.00
25755,IMU,0.27,0.00,0.02,-0.96,-0.29,-0.18,1.19,-55.94,-24.19,384.37
25756,EMG,-1,4,-2,21,10,0,-3,-3,-3,-1,2,-19,-17,-3,-4,-5
25757,IMU,0.33,-0.00,0.02,-0.94,0.02,-0.11,1.03,37.56,-59.38,355.37
25780,IMU,0.39,-0.00,0.00,-0.92,0.08,-0.19,0.71,79.50,-28.81,379.87
25781,EMG,-3,-1,5,2,-4,-4,1,-2,-2,-2,-13,-4,4,0,3,0
25805,IMU,0.45,-0.01,0.00,-0.90,0.03,-0.13,0.65,-12.75,-17.62,338.56
25830,IMU,0.50,-0.01,-0.00,-0.87,0.13,-0.04,0.76,31.19,-33.06,357.62
25831,EMG,-3,0,13,17,11,-2,0,-2,-3,-1,-8,-6,1,-1,3,0
25855,IMU,0.55,-0.00,-0.02,-0.84,0.13,-0.10,0.80,75.56,-0.37,319.56
25856,EMG,1,-1,10,-6,-10,0,1,1,-2,-2,-6,-10,-1,2,-4,-4
25857,IMU,0.59,0.00,-0.02,-0.80,0.12,-0.08,0.99,37.06,32.88,318.56
25880,IMU,0.64,0.01,-0.02,-0.77,0.02,-0.02,1.05,16.44,29.31,299.62
25905,IMU,0.67,0.01,-0.02,-0.74,-0.01,0.00,1.01,34.13,27.12,281.37
25906,EMG,2,3,4,-9,-14,-4,0,-4,-3,2,-3,5,2,-2,-2,2
25930,IMU,0.71,0.02,-0.02,-0.71,-0.04,-0.03,0.79,29.44,16.50,275.00
25955,IMU,0.74,0.02,-0.02,-0.68,-0.05,0.00,0.72,9.25,4.44,245.75
25956,EMG,2,-2,4,-3,-10,-6,-7,-10,2,-4,-7,-4,6,-2,-2,-7
25957,IMU,0.76,0.02,-0.03,-0.64,-0.02,0.01,0.76,26.50,-16.19,244.37
25980,IMU,0.79,0.02,-0.03,-0.61,0.02,-0.00,0.88,33.06,-18.81,218.12
25981,EMG,-8,-1,0,-18,-19,1,1,-1,-2,-2,-2,-30,-22,-1,-5,3
26005,IMU,0.81,0.02,-0.04,-0.58,0.10,0.04,1.00,17.31,-13.63,210.62
26030,IMU,0.83,0.02,-0.04,-0.56,0.10,0.06,1.06,29.37,-3.25,187.87
26031,EMG,-1,-8,-5,11,15,-1,-2,-1,0,-2,3,-4,-4,-1,-2,1
26055,IMU,0.84,0.03,-0.05,-0.53,0.10,0.04,0.93,32.56,11.63,169.12
26056,EMG,-2,3,-3,-12,-6,2,3,3,-3,-1,-2,-15,-9,-5,-6,-9
26057,IMU,0.86,0.03,-0.04,-0.51,0.07,0.08,0.82,8.69,23.50,159.19
26080,IMU,0.87,0.03,-0.04,-0.49,0.03,0.08,0.74,8.00,30.81,138.31
26105,IMU,0.88,0.03,-0.04,-0.47,-0.02,0.06,0.78,5.56,27.69,128.94
26106,EMG,4,-1,0,-1,-4,-5,-5,-1,-5,-2,0,-2,-3,-4,1,0
26130,IMU,0.89,0.03,-0.03,-0.45,-0.04,0.06,0.92,-11.88,18.87,109.31
26155,IMU,0.90,0.03,-0.03,-0.43,-0.04,0.06,1.02,-9.50,9.19,100.94
26156,EMG,-4,-2,4,-10,-14,-7,0,-4,1,-6,3,-9,-12,-2,1,0
26157,IMU,0.91,0.03,-0.03,-0.42,-0.05,0.03,1.01,-9.00,-2.87,85.44
26180,IMU,0.91,0.03,-0.03,-0.41,-0.02,0.02,0.91,-21.56,-10.88,74.69
26181,EMG,-4,2,-1,-11,-13,0,0,3,1,2,0,12,7,5,9,5
26205,IMU,0.92,0.02,-0.03,-0.40,0.00,0.00,0.81,-17.81,-14.13,63.94
26230,IMU,0.92,0.02,-0.03,-0.39,0.04,-0.02,0.75,-9.69,-11.25,54.88
26231,EMG,-2,-4,-2,-13,-12,-4,0,-2,-3,1,1,-12,-13,1,-3,1
26255,IMU,0.92,0.01,-0.03,-0.38,0.05,-0.03,0.81,-16.81,-5.06,47.94
26256,IMU,0.93,0.01,-0.03,-0.38,0.06,-0.03,0.93,-13.94,1.56,35.00
26280,EMG,-3,-7,-8,-16,-11,-8,-6,-10,-4,-4,1,0,6,2,-1,-3
26281,IMU,0.93,0.01,-0.03,-0.37,0.05,-0.04,1.00,-4.87,9.50,25.12
26305,IMU,0.93,0.01,-0.03,-0.37,0.02,-0.05,0.99,-11.38,12.63,12.81
26306,EMG,2,3,4,-2,-4,2,0,-2,1,-1,-4,-20,-14,-1,-3,-3
26330,IMU,0.93,0.00,-0.02,-0.37,-0.00,-0.04,0.90,-13.06,12.44,2.12
26355,IMU,0.93,0.00,-0.02,-0.37,-0.03,-0.05,0.81,-1.44,5.50,-10.38
26356,EMG,-2,2,-5,-14,-16,-1,-3,-1,-1,-1,1,4,7,1,0,-1
26357,IMU,0.93,0.00,-0.02,-0.37,-0.04,-0.06,0.78,1.87,-1.25,-10.00
26380,IMU,0.93,0.00,-0.02,-0.37,-0.03,-0.06,0.84,1.50,-8.13,1.31
26381,EMG,0,-5,-1,-1,4,8,0,-1,0,1,7,1,3,2,-1,1
26405,IMU,0.93,0.00,-0.02,-0.37,0.00,-0.04,0.95,10.63,-12.31,9.75
26430,IMU,0.93,0.00,-0.02,-0.37,0.03,-0.04,0.99,13.44,-12.13,5.31
26431,EMG,0,1,-8,3,1,0,2,3,2,-1,0,8,3,1,-4,1
26455,IMU,0.93,0.00,-0.03,-0.37,0.05,-0.03,0.97,7.94,-8.00,-5.31
26456,IMU,0.93,0.01,-0.03,-0.37,0.04,-0.02,0.89,11.31,-0.81,-9.38
26480,EMG,-1,-4,-2,-2,-6,-6,4,-1,-4,1,-4,-1,-4,-4,3,-1
26481,IMU,0.93,0.01,-0.03,-0.37,0.03,-0.02,0.80,16.37,4.87,-3.00
26505,IMU,0.93,0.01,-0.03,-0.37,0.01,-0.01,0.79,14.63,9.56,4.87
26506,EMG,2,-3,-4,12,12,2,8,4,-2,1,-4,0,-1,-3,-1,-2
26530,IMU,0.93,0.01,-0.02,-0.37,-0.00,0.01,0.86,15.13,9.50,4.94
26555,IMU,0.93,0.02,-0.02,-0.37,-0.02,0.02,0.94,15.19,6.62,-2.06
26556,EMG,-4,-4,-3,-3,-3,0,3,-4,-4,6,2,-3,-12,-7,-5,-5
26557,IMU,0.93,0.02,-0.02,-0.37,-0.03,0.03,0.97,11.88,0.75,-7.50
26580,IMU,0.93,0.02,-0.02,-0.37,-0.03,0.04,0.94,8.56,-5.75,-4.19
26581,EMG,0,0,-4,-15,-9,-1,-6,-4,-2,-1,-1,0,1,-1,2,-1
26605,IMU,0.93,0.02,-0.03,-0.37,-0.01,0.04,0.86,6.31,-9.88,3.87
26630,IMU,0.93,0.02,-0.03,-0.37,0.01,0.05,0.81,3.81,-11.38,6.87
26631,EMG,1,1,1,-1,-8,-2,-2,2,0,-2,-3,-12,-7,-3,-1,-6
26655,IMU,0.93,0.02,-0.03,-0.37,0.04,0.05,0.82,1.44,-8.81,1.62
26656,IMU,0.93,0.02,-0.03,-0.37,0.04,0.05,0.88,-1.37,-3.94,-5.44
26680,EMG,2,2,3,16,10,-5,1,2,2,1,-1,-5,-5,6,3,-1
26681,IMU,0.93,0.02,-0.03,-0.37,0.04,0.04,0.95,-5.06,2.06,-5.87
26705,IMU,0.93,0.02,-0.03,-0.37,0.03,0.04,0.96,-8.38,6.94,0.00
26706,EMG,5,1,-2,6,7,8,11,6,-2,-4,-2,10,2,-4,1,3
26730,IMU,0.93,0.01,-0.02,-0.37,-0.02,-0.04,0.85,-18.56,12.38,6.19
26755,IMU,0.93,0.01,-0.02,-0.37,-0.06,-0.04,0.78,-25.50,-4.25,4.87
26756,EMG,-1,5,3,0,-1,-1,-4,-1,1,-1,0,-4,2,0,1,-2
26757,IMU,0.93,0.01,-0.02,-0.37,-0.01,0.00,0.83,5.75,-8.50,-3.50
26780,IMU,0.93,0.01,-0.02,-0.38,0.04,0.01,0.89,10.94,-12.19,-10.88
26781,EMG,1,-2,-2,5,5,1,-1,3,0,-2,5,-10,-13,-1,-1,-7
26805,IMU,0.93,0.01,-0.03,-0.38,0.05,0.04,0.95,-9.06,-3.94,-4.31
26830,IMU,0.93,0.01,-0.02,-0.38,0.02,-0.01,0.94,-1.31,0.25,4.25
26831,EMG,-1,0,1,11,10,1,-3,-1,-8,-5,-5,-11,-2,-3,-1,-2
26855,IMU,0.93,0.01,-0.02,-0.37,0.01,-0.04,0.88,-1.12,-0.62,5.00
26856,IMU,0.93,0.01,-0.02,-0.37,0.02,-0.01,0.89,-2.44,-1.50,-0.06
26880,EMG,-2,1,1,-4,-3,-4,-5,-1,-4,-10,-4,2,3,4,-1,1
26881,IMU,0.93,0.01,-0.02,-0.37,0.04,0.00,0.89,13.69,0.81,0.81
26905,IMU,0.93,0.01,-0.02,-0.37,0.04,0.04,0.88,11.25,8.44,8.31
26906,EMG,1,1,-6,-5,-5,0,1,6,-3,-6,-4,-4,-9,-3,2,-3
26930,IMU,0.93,0.01,-0.02,-0.37,0.01,0.05,0.88,-7.75,10.44,14.19
26955,IMU,0.93,0.01,-0.02,-0.37,-0.01,0.04,0.86,-0.62,13.00,9.69
26956,EMG,-7,1,-9,-5,-5,-6,-9,-6,-2,2,3,8,3,-1,-4,-1
26957,IMU,0.93,0.01,-0.02,-0.37,-0.01,0.01,0.87,10.63,6.94,7.44
26980,IMU,0.93,0.01,-0.02,-0.37,0.03,0.01,0.87,-3.50,7.12,9.31
26981,EMG,2,0,0,7,1,-2,-1,-6,-5,1,-2,-9,-8,-3,0,0
27005,IMU,0.93,0.01,-0.01,-0.36,0.01,0.02,0.93,-7.75,11.56,13.63
27030,IMU,0.93,0.01,-0.01,-0.36,-0.00,0.00,0.91,7.81,18.44,14.44
27031,EMG,3,-1,-7,-2,2,0,1,2,1,-2,-4,-9,-10,-1,0,-2
27055,IMU,0.93,0.02,-0.01,-0.36,-0.03,-0.02,0.88,0.81,17.12,25.44
27056,IMU,0.94,0.02,-0.01,-0.35,-0.05,-0.02,0.89,-2.50,12.00,33.38
27080,EMG,-3,-2,0,2,2,2,-4,2,-1,-2,-3,8,2,2,1,2
27081,IMU,0.94,0.02,-0.01,-0.35,-0.03,-0.00,0.91,15.81,4.94,38.88
27105,IMU,0.94,0.02,-0.01,-0.34,-0.01,0.01,0.88,5.62,4.25,45.31
27106,EMG,-4,1,-5,3,6,-3,-5,-6,-5,-3,1,-16,-18,2,4,2
27130,IMU,0.94,0.02,-0.00,-0.33,-0.03,0.03,0.89,-4.31,6.87,45.06
27155,IMU,0.95,0.02,-0.00,-0.32,-0.04,0.01,0.90,7.50,2.00,45.44
27156,EMG,3,-1,5,-7,-14,-2,-5,-8,3,0,-2,5,-2,3,3,6
27157,IMU,0.95,0.02,-0.00,-0.32,-0.02,0.01,0.89,8.50,0.19,36.00
27180,IMU,0.95,0.02,-0.00,-0.31,-0.02,0.04,0.87,6.06,-0.25,28.00
27181,EMG,1,-5,0,-2,-1,0,-2,5,3,1,3,16,15,3,-3,-5
27205,IMU,0.95,0.02,-0.00,-0.31,0.01,0.04,0.87,2.19,5.25,21.31
27230,IMU,0.95,0.02,-0.00,-0.31,-0.04,0.02,0.88,-4.25,7.81,20.94
27231,EMG,2,1,-2,-11,-10,-5,-3,-3,5,-5,1,6,4,-3,-1,2
27255,IMU,0.95,0.02,-0.00,-0.30,-0.05,0.02,0.90,0.56,4.06,29.37
27256,IMU,0.96,0.02,-0.00,-0.29,-0.06,-0.00,0.90,9.19,-1.31,42.31
27280,EMG,2,-3,-2,22,14,3,4,1,1,1,-5,-2,1,-2,-1,0
27281,IMU,0.96,0.02,-0.00,-0.28,0.00,0.00,0.89,8.81,-2.31,53.44
27305,IMU,0.96,0.03,-0.00,-0.27,0.00,0.00,0.88,8.94,6.31,66.94
27306,EMG,-4,4,0,8,0,1,-3,1,0,-3,0,-10,-10,-5,2,0
27330,IMU,0.96,0.03,-0.00,-0.26,-0.03,0.03,0.89,11.13,8.94,74.31
27355,IMU,0.97,0.03,0.00,-0.25,-0.04,0.06,0.89,9.31,9.88,80.44
27356,EMG,4,8,-1,1,3,2,0,-1,7,3,1,9,6,1,2,3
27357,IMU,0.97,0.03,0.00,-0.23,-0.03,0.06,0.88,5.37,9.50,81.44
27380,IMU,0.97,0.03,0.00,-0.22,-0.03,0.03,0.89,4.44,5.69,75.31
27381,EMG,-2,3,0,-4,-5,4,-2,-2,1,4,-3,6,2,3,0,-4
27405,IMU,0.98,0.03,0.00,-0.21,-0.03,0.03,0.90,11.25,4.19,63.25
27430,IMU,0.98,0.04,0.00,-0.20,-0.01,0.05,0.88,10.69,5.25,51.19
27431,EMG,-2,-3,-8,1,0,0,1,-2,1,3,5,2,-2,0,2,9
27455,IMU,0.98,0.04,0.00,-0.19,-0.05,0.05,0.89,2.06,8.56,37.38
27456,IMU,0.98,0.04,0.00,-0.19,-0.08,0.17,0.87,5.37,-3.37,26.12
27480,EMG,-3,-3,-1,3,4,2,5,-6,2,2,-4,-1,6,1,4,1
27481,IMU,0.98,0.04,0.00,-0.19,-0.02,0.06,0.82,22.00,-3.94,7.06
27505,IMU,0.98,0.04,0.00,-0.20,-0.06,0.09,0.88,-10.06,-13.88,-34.13
27506,EMG,-1,-2,-5,10,18,0,-1,-1,0,-5,-1,6,0,2,2,2
27530,IMU,0.98,0.04,-0.00,-0.20,-0.01,0.08,0.97,-5.44,-22.50,-27.81
27555,IMU,0.98,0.04,-0.01,-0.20,0.03,-0.01,0.90,4.44,-21.44,0.94
27556,EMG,4,0,2,-1,-1,0,2,1,-4,-2,-3,-3,6,-1,2,3
27557,IMU,0.98,0.04,-0.01,-0.20,-0.01,0.03,0.90,-1.81,-7.12,6.31
27580,IMU,0.98,0.04,-0.01,-0.20,0.00,0.06,0.86,0.06,-9.06,17.56
27581,EMG,-4,5,2,1,1,0,3,0,-3,-1,2,-9,-11,2,-2,-1
27605,IMU,0.98,0.04,-0.01,-0.19,0.02,0.11,0.84,11.38,-1.25,25.62
27630,IMU,0.98,0.04,-0.01,-0.19,-0.05,0.08,0.93,-15.75,-8.88,26.81
27631,EMG,1,-2,-2,-11,-4,2,2,5,0,4,-1,-16,-10,-2,4,-1
27655,IMU,0.98,0.03,-0.01,-0.18,-0.00,0.06,0.95,-25.62,-9.81,37.44
27656,IMU,0.98,0.03,-0.01,-0.18,0.02,-0.02,0.85,2.56,-6.37,32.44
27680,EMG,1,1,4,12,10,-1,-3,4,0,0,-2,-9,-13,1,0,-3
27681,IMU,0.99,0.03,-0.02,-0.17,0.07,-0.02,0.86,3.19,-8.13,37.19
27705,IMU,0.99,0.03,-0.01,-0.16,0.02,0.04,0.87,1.75,7.94,24.56
27706,EMG,3,1,3,23,18,-2,0,3,1,4,0,-17,-12,-4,0,3
27730,IMU,0.99,0.03,-0.01,-0.16,0.00,0.06,0.87,9.19,5.12,36.63
27755,IMU,0.99,0.03,-0.01,-0.15,-0.04,0.09,0.90,0.56,2.62,31.62
27756,EMG,-3,3,-1,-9,-6,-5,-2,1,1,-1,4,16,8,3,2,-2
27757,IMU,0.99,0.03,-0.01,-0.15,-0.00,0.06,0.90,2.62,-4.25,37.13
27780,IMU,0.99,0.03,-0.01,-0.14,0.02,0.06,0.90,-1.94,-1.69,22.19
27781,EMG,-5,1,-3,-10,-2,3,0,0,-2,-4,-2,-3,-1,4,0,-2
27805,IMU,0.99,0.03,-0.01,-0.14,0.02,0.05,0.91,-4.25,-3.69,16.44
27830,IMU,0.99,0.03,-0.01,-0.14,0.00,0.03,0.89,-5.19,-4.75,2.37
27831,EMG,1,0,-2,13,11,2,-5,-2,0,1,-5,-24,-17,-8,-2,-4
27855,IMU,0.99,0.03,-0.02,-0.14,-0.01,0.04,0.86,-5.81,-4.56,-3.37
27856,IMU,0.99,0.03,-0.02,-0.14,0.02,0.04,0.90,-6.25,-9.38,-4.44
27880,EMG,-1,2,0,-10,-12,5,-2,2,-4,1,2,-4,0,0,4,-2
27881,IMU,0.99,0.03,-0.02,-0.14,0.02,0.06,0.90,-8.81,-5.12,-2.19
27905,IMU,0.99,0.02,-0.02,-0.14,0.05,0.03,0.88,-3.94,-4.12,4.31
27906,EMG,5,2,0,4,6,4,5,4,4,-7,-2,-5,-1,1,1,4
27930,IMU,0.99,0.02,-0.02,-0.14,0.03,0.02,0.87,-3.06,1.69,8.31
27955,IMU,0.99,0.02,-0.02,-0.14,0.00,0.02,0.87,-3.94,1.81,8.50
27956,EMG,-2,-8,3,-10,-8,1,-4,0,-2,1,-2,-7,-7,-3,0,-3
27957,IMU,0.99,0.02,-0.02,-0.14,0.01,0.02,0.89,-4.69,-1.25,2.87
27980,IMU,0.99,0.02,-0.02,-0.14,0.04,0.03,0.94,-1.69,-2.25,0.50
28005,EMG,4,-4,-1,-8,-12,-1,-1,-3,2,-2,-4,-2,-2,1,2,0
28006,IMU,0.99,0.02,-0.02,-0.14,0.02,0.04,0.92,1.25,2.19,1.31
28030,IMU,0.99,0.02,-0.02,-0.14,0.01,0.01,0.88,0.25,2.87,8.31
28031,EMG,-2,-4,-3,10,7,-1,3,3,1,-3,-1,0,4,2,1,-3
28055,IMU,0.99,0.02,-0.02,-0.13,-0.01,0.03,0.84,0.94,1.12,6.44
28056,IMU,0.99,0.02,-0.02,-0.13,0.03,0.01,0.85,13.38,-3.37,8.63
28080,EMG,2,0,-1,-8,-10,-2,0,0,-3,-2,-4,-16,-10,-4,-3,0
28081,IMU,0.99,0.02,-0.02,-0.13,0.03,0.03,0.87,2.44,-1.50,0.88
28105,IMU,0.99,0.02,-0.02,-0.13,0.02,0.07,0.91,6.56,-2.19,-2.06
28106,EMG,-5,0,6,7,10,-1,-3,1,-1,1,-1,-8,-5,-8,-1,-8
28130,IMU,0.99,0.03,-0.02,-0.13,0.00,0.03,0.90,12.63,-1.06,5.25
28155,IMU,0.99,0.03,-0.02,-0.13,-0.01,0.02,0.89,1.19,-6.31,4.62
28156,EMG,1,-10,-6,-3,3,3,0,0,3,4,-1,1,-1,1,8,11
28157,IMU,0.99,0.03,-0.02,-0.13,0.01,0.04,0.88,-0.81,-6.81,-1.06
28180,IMU,0.99,0.03,-0.02,-0.13,0.01,0.07,0.88,0.75,-9.19,-5.06
28205,EMG,-3,3,-3,20,23,1,-2,2,-1,1,0,0,-3,-3,0,2
28206,IMU,0.99,0.02,-0.02,-0.13,0.04,0.05,0.91,-9.00,-8.06,-7.81
28230,IMU,0.99,0.02,-0.02,-0.13,0.03,0.04,0.89,-10.56,-4.50,-0.69
28231,EMG,-6,-7,-11,-7,-3,-1,3,-6,-7,-2,-3,-14,-8,-6,-5,-1
28255,IMU,0.99,0.02,-0.02,-0.13,0.03,0.03,0.88,-7.31,-4.19,3.12
28256,IMU,0.99,0.02,-0.02,-0.13,0.03,0.01,0.89,-9.06,-4.31,0.75
28280,EMG,-7,0,-5,5,5,-1,-4,-7,0,-2,-3,12,7,-2,-2,1
28281,IMU,0.99,0.02,-0.02,-0.13,0.04,0.01,0.90,-8.31,-2.56,1.31
28305,IMU,0.99,0.02,-0.02,-0.13,0.04,0.02,0.91,-5.69,-3.44,2.50
28306,EMG,2,-5,-3,-12,-7,1,3,-1,5,2,0,-4,-6,-4,-1,-1
28330,IMU,0.99,0.02,-0.02,-0.13,0.04,0.03,0.90,-3.81,-0.37,0.62
28355,IMU,0.99,0.01,-0.02,-0.13,0.04,0.03,0.88,-4.37,-0.56,-4.50
28356,EMG,0,-4,-2,13,-1,-2,-6,1,-1,0,3,-5,-3,0,-1,5
28357,IMU,0.99,0.01,-0.02,-0.13,0.05,0.02,0.88,-5.06,1.75,-7.19
28380,IMU,0.99,0.01,-0.02,-0.14,0.05,0.01,0.90,-4.12,4.44,-6.00
28405,EMG,-1,-1,-2,2,2,0,-1,-1,-1,-3,1,2,2,-5,-9,-4
28406,IMU,0.99,0.01,-0.02,-0.14,0.02,0.01,0.91,-1.87,6.44,-5.87
28430,IMU,0.99,0.01,-0.02,-0.14,0.02,0.01,0.90,-1.44,3.56,-9.56
28431,EMG,0,-3,-2,-2,2,2,-3,-2,-2,-1,-1,-9,-6,-2,2,-4
28455,IMU,0.99,0.01,-0.02,-0.14,0.04,0.01,0.88,0.50,2.75,-10.13
28456,IMU,0.99,0.01,-0.02,-0.14,0.03,0.01,0.87,-0.19,5.75,-8.69
28480,EMG,1,4,-1,-4,-7,-4,1,0,2,0,2,17,16,-2,-3,-1
28481,IMU,0.99,0.01,-0.02,-0.14,0.02,0.01,0.88,-2.50,3.62,-9.00
28505,IMU,0.99,0.01,-0.02,-0.14,0.02,0.02,0.89,3.37,3.81,-1.25
28506,EMG,-1,-1,-4,-10,-7,-6,-3,-9,-3,-2,-1,-1,-6,-2,-3,1
28530,IMU,0.99,0.01,-0.02,-0.15,-0.01,0.03,0.90,0.88,4.37,-12.63
28555,IMU,0.99,0.01,-0.02,-0.15,0.02,0.05,0.90,-2.37,0.06,-14.88
28556,EMG,-3,-2,5,-14,-10,0,0,2,-1,2,-2,-1,5,-1,-4,2
28580,IMU,0.99,0.01,-0.02,-0.15,0.02,0.05,0.88,-2.37,-1.19,-28.19
28581,IMU,0.99,0.01,-0.02,-0.16,0.03,0.03,0.88,-5.25,-0.75,-30.37
28605,EMG,0,-2,-1,-6,0,2,-8,-1,-4,0,8,-12,-12,-5,-4,-7
28606,IMU,0.99,0.01,-0.02,-0.16,0.01,0.01,0.89,-11.13,0.00,-35.38
28630,IMU,0.99,0.01,-0.02,-0.17,0.01,0.02,0.89,-4.87,-1.00,-35.88
28631,EMG,-2,1,-1,2,2,4,-1,2,5,-2,-2,-9,-10,-1,-2,-1
28655,IMU,0.98,0.01,-0.02,-0.18,0.01,0.04,0.88,-5.06,-4.06,-42.81
28680,IMU,0.98,0.01,-0.02,-0.19,0.04,0.02,0.89,-7.75,-4.50,-46.50
28681,EMG,0,-1,-2,5,9,1,3,2,-1,-1,-6,2,3,5,0,2
28682,IMU,0.98,0.01,-0.02,-0.19,0.02,-0.00,0.88,-8.88,0.69,-49.69
28705,IMU,0.98,0.00,-0.02,-0.20,0.01,0.00,0.88,-9.94,2.19,-58.63
28706,EMG,-1,3,-11,13,16,3,-2,3,1,5,1,-6,-13,-4,-7,1
28730,IMU,0.98,0.00,-0.01,-0.22,0.04,-0.00,0.89,-9.31,0.69,-65.31
28755,IMU,0.97,0.00,-0.01,-0.23,0.01,-0.00,0.89,-9.75,4.62,-69.87
28756,EMG,-1,-2,2,-5,-8,-4,-4,-4,-1,0,-1,-9,-8,1,0,-3
28780,IMU,0.97,-0.00,-0.01,-0.24,-0.03,0.01,0.91,-10.50,1.25,-74.50
28781,IMU,0.97,-0.00,-0.01,-0.25,0.01,0.01,0.90,-17.50,-4.69,-87.25
28805,EMG,3,4,1,4,0,0,-3,1,-3,-1,2,9,-1,-6,-2,4
28806,IMU,0.96,-0.00,-0.01,-0.27,0.07,-0.03,0.87,-3.69,-6.69,-99.69
28830,IMU,0.96,-0.01,-0.01,-0.29,0.03,-0.04,0.89,-5.56,4.75,-97.75
28831,EMG,-4,0,-8,14,14,1,-1,4,0,1,2,-8,-3,-1,1,0
28855,IMU,0.95,-0.01,-0.01,-0.30,-0.02,-0.02,0.90,-11.63,6.94,-96.87
28880,IMU,0.95,-0.01,-0.01,-0.32,-0.02,0.00,0.88,-3.94,5.62,-88.56
28881,EMG,-2,1,0,-4,-16,-2,-4,0,3,-3,-3,9,7,0,0,0
28882,IMU,0.94,-0.01,-0.01,-0.33,-0.03,0.03,0.88,0.31,-1.50,-88.37
28905,IMU,0.94,-0.01,-0.01,-0.35,0.01,0.01,0.90,-1.50,-5.00,-89.19
28955,EMG,-1,0,2,13,6,-6,-8,-9,-4,-1,-2,-17,-14,-6,1,-4
28956,IMU,0.93,-0.01,-0.01,-0.36,0.03,-0.04,0.92,-1.62,-2.50,-101.44
28957,EMG,-5,-5,-4,-4,1,-1,-1,-4,2,-3,6,-11,-7,-6,-2,0
28968,IMU,0.92,-0.01,-0.01,-0.38,0.02,-0.04,0.90,3.19,2.87,-110.56
28980,IMU,0.92,-0.01,-0.01,-0.40,-0.03,0.01,0.83,-4.69,5.81,-119.19
28981,IMU,0.91,-0.01,-0.01,-0.42,-0.05,0.03,0.82,-11.19,-1.19,-113.56
29005,EMG,-2,-3,-2,-7,-14,-3,-2,2,3,0,2,4,2,-1,0,-3
29006,IMU,0.90,-0.01,-0.01,-0.44,-0.03,0.04,0.87,-2.06,-6.94,-99.37
29030,IMU,0.89,-0.01,-0.01,-0.45,-0.01,-0.00,0.92,-1.56,-8.38,-76.12
29031,EMG,4,-3,1,8,11,-3,-2,3,2,3,-1,-22,-16,-5,-2,-7
29055,IMU,0.89,-0.01,-0.01,-0.46,0.02,-0.04,0.95,-11.31,-4.75,-59.88
29080,IMU,0.88,-0.01,-0.01,-0.47,0.03,-0.05,0.95,2.19,-2.25,-60.13
29081,EMG,3,4,3,2,-5,0,-3,1,3,4,-2,6,1,0,3,1
29082,IMU,0.88,-0.01,-0.01,-0.48,0.07,-0.01,0.90,9.50,4.94,-66.12
29105,IMU,0.87,-0.01,-0.01,-0.49,0.02,0.02,0.87,-0.44,22.50,-69.44
29106,EMG,4,3,0,-5,-10,-5,-1,0,0,0,2,16,5,-2,-3,0
29130,IMU,0.87,-0.00,-0.00,-0.50,-0.01,0.05,0.86,1.56,20.62,-78.94
29155,IMU,0.86,-0.00,-0.00,-0.51,-0.05,0.03,0.86,-2.56,18.69,-72.19
29156,EMG,-1,0,1,-8,-7,-7,-4,1,4,1,1,15,16,10,3,6
29180,IMU,0.86,-0.00,0.00,-0.52,-0.11,-0.03,0.88,-8.88,15.13,-55.06
29181,IMU,0.85,-0.00,0.00,-0.52,-0.11,-0.03,0.92,-1.19,1.50,-35.56
29205,EMG,0,5,3,11,12,0,1,-1,1,1,4,-12,-11,2,-2,-1
29206,IMU,0.85,-0.00,0.00,-0.53,-0.03,-0.01,0.92,2.06,-8.88,-25.75
29230,IMU,0.85,-0.00,0.00,-0.53,0.01,-0.00,0.86,1.75,-8.75,-21.31
29231,EMG,-1,-2,2,-20,-5,-5,-3,0,-3,-5,-4,4,4,-1,2,-6
29255,IMU,0.85,-0.00,0.00,-0.53,-0.03,0.04,0.85,-6.19,0.50,-22.25
29280,IMU,0.84,-0.00,0.00,-0.54,-0.00,0.02,0.90,-8.75,-7.25,-31.31
29281,EMG,-4,-13,-1,8,-5,-3,-1,-4,-4,-1,-1,-4,-3,-1,2,-1
29282,IMU,0.84,-0.00,0.00,-0.54,-0.01,-0.03,0.91,-1.56,4.31,-37.50
29305,IMU,0.84,-0.00,0.00,-0.55,-0.02,-0.02,0.90,-7.62,1.06,-38.88
29306,EMG,-3,-1,0,1,-8,-3,-6,-4,-1,-3,-4,-8,1,-1,1,0
29330,IMU,0.83,-0.00,0.01,-0.56,-0.08,-0.02,0.90,-5.94,0.88,-42.69
29355,IMU,0.83,-0.01,0.00,-0.56,-0.04,-0.04,0.87,0.13,-11.25,-38.81
29356,EMG,-2,-4,-4,-19,-13,-6,1,-1,7,-2,0,17,9,11,9,12
29380,IMU,0.82,-0.01,0.00,-0.57,-0.04,-0.00,0.88,1.56,-7.75,-40.94
29381,IMU,0.82,-0.01,0.00,-0.57,-0.01,0.01,0.90,2.00,-12.81,-42.69
29405,EMG,-3,-3,-5,-17,-9,-2,-1,-2,-3,0,-2,1,-2,-1,-4,3
29406,IMU,0.82,-0.01,0.00,-0.58,0.00,-0.01,0.87,4.25,-6.12,-43.75
29430,IMU,0.81,-0.01,0.00,-0.58,-0.02,-0.01,0.87,-3.56,-3.87,-33.75
29431,EMG,-1,1,-3,-9,-5,-2,-7,-6,-2,3,0,5,2,2,1,0
29455,IMU,0.81,-0.01,0.00,-0.59,-0.04,-0.00,0.88,-1.31,-3.00,-26.87
29480,IMU,0.81,-0.01,-0.00,-0.59,-0.02,-0.02,0.90,4.94,-7.06,-20.00
29481,EMG,-2,-7,-1,-8,0,0,2,1,-1,0,-2,1,2,3,2,-1
29482,IMU,0.80,-0.01,-0.00,-0.59,0.02,-0.04,0.89,3.37,-4.37,-20.44
29505,IMU,0.80,-0.01,-0.00,-0.60,-0.01,-0.00,0.90,3.00,-0.19,-24.31
29506,EMG,1,2,-7,-1,-1,4,-4,-2,0,-5,2,16,15,1,0,4
29530,IMU,0.80,-0.01,-0.00,-0.60,-0.02,0.04,0.87,4.81,-1.94,-31.50
29555,IMU,0.80,-0.01,-0.00,-0.61,-0.02,0.03,0.88,-0.13,-2.19,-29.50
29556,EMG,-4,1,-4,12,9,-2,3,-2,1,-6,-2,-10,-2,5,8,6
29580,IMU,0.79,-0.01,-0.00,-0.61,-0.02,0.01,0.90,-3.87,-3.69,-26.75
29581,IMU,0.79,-0.01,-0.00,-0.61,0.00,-0.03,0.91,-2.06,-3.06,-21.06
29605,EMG,-1,-3,-2,-2,5,-4,0,-2,1,0,-2,-5,-10,-7,-6,-2
29606,IMU,0.79,-0.01,-0.00,-0.61,0.01,-0.04,0.89,-0.13,1.81,-10.25
29630,IMU,0.79,-0.01,-0.00,-0.61,-0.00,-0.00,0.90,-0.37,9.94,-3.06
29631,EMG,-2,2,6,-9,-7,0,0,1,3,4,-1,7,5,1,1,1
29655,IMU,0.79,-0.00,-0.00,-0.61,-0.02,0.02,0.91,4.87,8.00,-2.50
29680,IMU,0.79,-0.00,0.00,-0.62,-0.02,0.01,0.89,6.62,8.25,-6.19
29681,EMG,2,2,-2,23,19,3,10,8,-3,-1,-2,5,4,2,1,1
29682,IMU,0.79,-0.00,0.00,-0.62,-0.04,0.01,0.85,-6.81,9.13,-7.06
29705,IMU,0.79,-0.00,0.00,-0.62,-0.04,0.01,0.87,-3.69,5.06,-2.19
29706,EMG,-2,-1,-2,6,-1,-3,-2,-3,0,2,3,4,0,0,1,-3
29730,IMU,0.79,0.00,0.00,-0.62,-0.05,-0.01,0.89,2.56,4.75,-9.06
29755,IMU,0.79,0.00,0.01,-0.62,-0.06,-0.01,0.92,-1.69,-0.62,-2.00
29756,EMG,2,2,7,-4,-7,1,-1,3,-4,-2,-2,-5,-9,-3,-2,0
29780,IMU,0.79,0.00,0.01,-0.62,-0.04,-0.01,0.92,-0.31,-2.12,2.69
29781,IMU,0.79,-0.00,0.00,-0.62,-0.02,-0.01,0.89,1.69,-5.62,0.25
29805,EMG,1,-2,-3,-5,0,0,5,-1,-5,-8,-2,-20,-22,-9,-6,-4
29806,IMU,0.79,-0.00,0.00,-0.62,-0.01,0.01,0.89,1.12,-2.69,-2.81
29830,IMU,0.79,0.00,0.00,-0.62,-0.04,0.01,0.90,5.12,-3.37,1.81
29831,EMG,-3,0,1,-6,-3,-2,1,0,1,-1,-3,-2,-2,3,-5,-1
29855,IMU,0.79,0.00,0.00,-0.62,-0.04,-0.00,0.89,6.25,-4.12,6.12
29880,IMU,0.79,0.00,0.00,-0.62,-0.04,0.01,0.89,6.06,-8.63,7.50
29881,EMG,2,4,2,-19,-16,5,14,9,-1,-1,-6,15,11,8,7,2
29882,IMU,0.79,0.00,-0.00,-0.61,-0.03,0.01,0.90,5.62,-10.06,5.94
29905,IMU,0.79,0.00,-0.00,-0.61,-0.02,-0.02,0.91,4.19,-11.56,1.37
29930,EMG,0,1,-6,2,4,-1,-2,-3,0,-1,4,-14,-15,-3,-1,0
29931,IMU,0.79,0.00,-0.01,-0.61,-0.00,-0.01,0.89,9.25,-11.06,0.69
29955,IMU,0.79,0.00,-0.01,-0.61,-0.02,-0.03,0.86,13.69,-13.38,5.75
29956,EMG,3,-1,-1,4,12,4,5,6,0,1,0,10,11,4,2,2
29980,IMU,0.79,0.00,-0.01,-0.61,-0.02,0.05,0.86,7.12,-14.44,-0.06
29981,IMU,0.79,0.00,-0.01,-0.61,0.01,0.06,0.87,5.00,-10.06,1.19
30005,EMG,2,2,1,-3,2,0,0,2,0,-1,-9,-5,-2,0,-5,-2
30006,IMU,0.79,0.00,-0.02,-0.61,-0.01,0.04,0.87,5.69,-15.69,2.00
30030,IMU,0.79,-0.00,-0.02,-0.61,0.02,0.04,0.88,0.06,-15.50,1.81
30031,EMG,5,4,0,8,12,7,2,4,1,0,4,-20,-15,-1,-2,2
30055,IMU,0.79,-0.00,-0.02,-0.61,0.04,0.05,0.89,-4.37,-7.12,0.25
30080,IMU,0.79,-0.00,-0.02,-0.61,0.06,0.05,0.91,-4.94,-0.50,-1.06
30081,EMG,3,4,4,9,11,3,8,8,3,-1,2,11,3,1,3,4
30082,IMU,0.79,-0.00,-0.02,-0.61,0.03,0.03,0.89,-9.06,7.31,-0.50
30105,IMU,0.79,-0.00,-0.01,-0.61,0.02,0.03,0.89,-12.31,8.63,0.50
30130,EMG,1,2,-1,-2,-7,-2,2,2,0,-1,-1,2,3,0,-2,2
30131,IMU,0.79,-0.00,-0.01,-0.61,-0.01,0.02,0.87,-11.63,13.75,0.94
30155,IMU,0.79,-0.00,-0.01,-0.61,-0.03,0.01,0.88,-13.81,8.31,0.25
30156,EMG,3,2,-3,22,12,2,3,-1,-4,-2,-1,17,13,8,1,-3
30180,IMU,0.79,-0.01,-0.01,-0.61,-0.03,0.01,0.90,-14.94,3.37,-0.81
30181,IMU,0.79,-0.01,-0.00,-0.61,-0.04,-0.01,0.91,-11.13,-5.44,-2.12
30205,EMG,-2,-2,0,2,1,-2,1,5,1,3,4,-1,-5,-1,0,-4
30206,IMU,0.79,-0.01,-0.00,-0.61,-0.01,-0.02,0.90,-11.00,-9.63,-0.31
30230,IMU,0.79,-0.01,-0.00,-0.61,0.00,-0.02,0.89,-12.00,-11.56,3.37
30231,EMG,-2,0,-6,-10,-4,-2,-1,2,0,2,-3,9,8,-1,3,5
30255,IMU,0.79,-0.01,-0.01,-0.61,0.04,-0.03,0.88,-7.81,-10.25,2.81
30280,IMU,0.79,-0.02,-0.01,-0.61,0.04,-0.04,0.88,-4.94,-3.69,-1.00
30281,EMG,1,2,-2,9,8,2,-2,1,0,1,-1,-6,-1,1,-3,-1
30282,IMU,0.79,-0.02,-0.00,-0.61,0.04,-0.04,0.89,-4.50,1.19,-3.00
30305,IMU,0.79,-0.02,-0.00,-0.61,0.02,-0.04,0.90,-0.75,7.44,-1.00
30330,EMG,-3,3,0,-10,-9,-3,0,1,3,-1,-1,-10,-14,-1,-5,-1
30331,IMU,0.79,-0.01,-0.00,-0.61,0.01,-0.04,0.90,3.25,8.75,1.62
30355,IMU,0.79,-0.01,-0.00,-0.61,-0.01,-0.03,0.90,3.37,8.88,1.44
30356,EMG,1,-6,1,-3,-6,-2,4,1,-1,-1,-3,29,21,3,4,7
30380,IMU,0.79,-0.01,-0.00,-0.61,-0.02,-0.02,0.89,5.56,3.62,-1.12
30381,IMU,0.79,-0.01,-0.00,-0.61,-0.03,-0.03,0.89,9.00,-1.75,-2.56
30405,EMG,1,3,2,-15,-10,1,0,-1,-2,-1,-2,-12,-12,-3,0,-1
30406,IMU,0.79,-0.01,-0.00,-0.61,-0.02,-0.02,0.88,9.38,-6.69,-1.31
30430,IMU,0.79,-0.01,-0.01,-0.61,-0.00,-0.01,0.89,10.13,-9.31,1.00
30431,EMG,2,-3,-2,-33,-26,-4,-4,0,-3,-1,-4,-11,-10,-3,3,1
30455,IMU,0.79,-0.01,-0.01,-0.61,0.02,0.00,0.89,11.56,-8.75,1.37
30480,IMU,0.79,-0.01,-0.01,-0.61,0.03,0.00,0.90,10.38,-6.62,-0.50
30481,EMG,4,1,1,6,4,-4,-5,-3,1,-4,3,15,14,4,-4,1
30482,IMU,0.79,-0.01,-0.01,-0.61,0.03,0.02,0.89,9.13,-1.31,-2.37
30505,IMU,0.79,-0.01,-0.01,-0.61,0.03,0.02,0.88,8.56,2.37,-1.87
30530,EMG,-3,6,-4,2,2,4,1,-1,-2,3,2,12,9,0,9,1
30531,IMU,0.79,-0.00,-0.01,-0.61,0.01,0.03,0.88,6.19,5.94,0.06
30555,IMU,0.79,-0.00,-0.01,-0.61,0.00,0.03,0.88,3.87,5.69,1.12
30556,EMG,-2,-1,-3,-8,-11,3,0,-4,1,-1,-2,16,11,4,11,4
30580,IMU,0.79,-0.00,-0.01,-0.61,-0.01,0.04,0.89,2.56,4.25,0.00
30581,IMU,0.79,-0.00,-0.01,-0.61,-0.01,0.03,0.89,-0.25,0.56,-1.44
30605,EMG,1,0,1,16,16,3,-1,-4,-2,-5,0,6,-1,0,-5,-4
30606,IMU,0.79,-0.00,-0.01,-0.61,-0.01,0.03,0.90,-3.00,-3.00,-1.37
30630,IMU,0.79,-0.00,-0.01,-0.61,-0.00,0.03,0.89,-4.25,-5.87,0.44
30631,EMG,3,5,4,-6,-7,-2,-5,0,1,6,2,5,5,0,2,0
30655,IMU,0.79,-0.00,-0.01,-0.61,0.01,0.03,0.88,-6.25,-6.56,1.75
30680,IMU,0.79,-0.00,-0.01,-0.61,0.02,0.02,0.88,-8.19,-4.56,1.00
30681,EMG,3,1,-2,5,5,-2,4,3,3,1,5,-1,-5,-2,-2,2
30682,IMU,0.79,-0.01,-0.01,-0.61,0.03,0.01,0.89,-8.56,-1.62,-0.56
30705,IMU,0.79,-0.01,-0.01,-0.61,0.02,0.00,0.89,-9.06,2.44,-1.12
30730,EMG,2,1,3,-12,-10,-3,-2,4,-1,5,-1,-9,-7,-2,5,-1
30731,IMU,0.79,-0.01,-0.01,-0.61,0.02,-0.00,0.90,-9.56,4.94,-0.25
30755,IMU,0.79,-0.01,-0.01,-0.61,0.00,-0.01,0.90,-8.81,6.50,0.94
30756,EMG,1,2,-4,10,11,1,5,3,2,-3,-2,-2,-1,0,4,3
30780,IMU,0.79,-0.01,-0.00,-0.61,-0.01,-0.01,0.89,-7.44,5.25,0.75
30781,IMU,0.79,-0.01,-0.00,-0.61,-0.01,-0.02,0.89,-7.00,2.56,-0.37
30805,EMG,-4,-6,-3,7,9,4,2,-1,3,3,5,6,-5,0,-4,2
30806,IMU,0.79,-0.01,-0.00,-0.61,-0.02,-0.02,0.89,-5.25,-1.50,-1.12
30830,IMU,0.79,-0.01,-0.00,-0.61,-0.01,-0.03,0.89,-2.50,-4.81,-0.37
30831,EMG,2,-1,-1,-4,-7,-1,1,2,4,-5,-1,2,5,2,-2,-2
30855,IMU,0.79,-0.01,-0.00,-0.61,0.00,-0.03,0.89,-1.31,-6.50,0.69
30880,IMU,0.79,-0.01,-0.00,-0.61,0.01,-0.02,0.89,0.37,-6.37,0.75
30881,EMG,2,7,7,6,9,-1,6,10,3,4,0,7,7,1,0,-4
30882,IMU,0.79,-0.01,-0.00,-0.61,0.02,-0.03,0.90,2.81,-3.75,-0.25
30905,IMU,0.79,-0.01,-0.00,-0.61,0.03,-0.02,0.89,3.94,-0.56,-1.25
30930,EMG,2,4,-1,-15,-19,-2,-5,-4,-2,-1,-1,6,9,1,-2,-2
30931,IMU,0.79,-0.01,-0.00,-0.61,0.02,-0.02,0.89,5.00,3.00,-1.12
30955,IMU,0.79,-0.01,-0.00,-0.61,0.01,-0.01,0.88,6.69,4.75,-0.13
30956,EMG,-1,-1,3,2,3,1,-3,-1,1,1,1,-5,-5,-2,-1,1
30980,IMU,0.79,-0.01,-0.00,-0.61,-0.00,-0.00,0.88,7.81,4.87,0.13
30981,IMU,0.79,-0.01,-0.00,-0.61,-0.01,-0.00,0.89,6.37,2.87,-0.44
31005,EMG,1,0,0,0,-6,-3,0,-1,-7,-4,-4,-33,-26,-9,-5,-4
31006,IMU,0.79,-0.01,-0.01,-0.61,-0.01,0.01,0.90,7.19,-0.44,-1.19
31030,IMU,0.79,-0.00,-0.01,-0.61,-0.01,0.01,0.90,7.69,-3.94,-0.94
31031,EMG,0,1,-1,11,10,4,-3,-2,-2,-5,-4,10,14,3,0,-2
31055,IMU,0.79,-0.00,-0.01,-0.61,0.00,0.01,0.89,5.31,-6.12,-0.06
31080,IMU,0.79,-0.00,-0.01,-0.61,0.01,0.02,0.88,4.69,-6.56,0.62
31081,EMG,1,4,-4,16,14,7,10,7,-3,4,0,9,12,2,3,2
31082,IMU,0.79,-0.00,-0.01,-0.61,0.02,0.02,0.88,4.19,-5.12,0.13
31105,IMU,0.79,-0.00,-0.01,-0.61,0.02,0.02,0.88,1.44,-2.12,-0.81
31130,EMG,-2,-9,3,4,0,2,-1,0,3,7,4,22,11,0,0,-3
31131,IMU,0.79,-0.00,-0.01,-0.61,0.03,0.02,0.89,-0.19,1.06,-0.94
31155,IMU,0.79,-0.00,-0.01,-0.61,0.01,0.02,0.90,-0.75,3.81,-0.25
31156,EMG,4,7,-2,-8,-7,1,-1,-3,1,2,-1,-4,-9,1,-8,-8
31180,IMU,0.79,-0.00,-0.01,-0.61,0.00,0.02,0.89,-3.19,4.75,0.37
31181,IMU,0.79,-0.00,-0.01,-0.61,-0.00,0.02,0.89,-4.75,4.25,0.19
31205,EMG,-3,-1,1,-15,-16,-5,1,-4,3,1,3,-7,-6,-3,-1,-5
31206,IMU,0.79,-0.00,-0.01,-0.61,-0.01,0.02,0.89,-4.81,1.94,-0.37
31230,IMU,0.79,-0.00,-0.01,-0.61,-0.01,0.01,0.89,-6.06,-0.75,-0.50
31231,EMG,-4,-4,-2,-2,4,-5,-1,-2,2,2,-4,-12,-5,-6,1,-6
31255,IMU,0.79,-0.00,-0.01,-0.61,-0.00,0.01,0.89,-6.62,-3.31,-0.06
31280,IMU,0.79,-0.01,-0.01,-0.61,0.01,0.00,0.89,-5.94,-4.31,0.69
31281,EMG,0,-2,0,2,-1,1,0,-1,-2,0,-7,10,5,1,2,5
31282,IMU,0.79,-0.01,-0.01,-0.61,0.01,-0.01,0.89,-6.12,-4.06,0.75
31305,IMU,0.79,-0.01,-0.01,-0.61,0.02,-0.01,0.89,-6.12,-2.19,0.00
